Group;Species;Biolum
Bacteria;Shewanella;bioluminescent
Bacteria;Photobacterium;bioluminescent
Bacteria;Vibrio;bioluminescent
Bacteria;Aliivibrio;bioluminescent
Bacteria;Photorhabdus;bioluminescent
Dinoflagellata;Polykrikos;bioluminescent
Dinoflagellata;Noctiluca;bioluminescent
Dinoflagellata;Tripos;bioluminescent
Dinoflagellata;Alexandrium;bioluminescent
Dinoflagellata;Gonyaulax;bioluminescent
Dinoflagellata;Lingulodinium;bioluminescent
Dinoflagellata;Pyrodinium;bioluminescent
Dinoflagellata;Protoperidinium;bioluminescent
Dinoflagellata;Fragilidium;bioluminescent
Dinoflagellata;Pyrophacus;bioluminescent
Dinoflagellata;Dissodinium;bioluminescent
Dinoflagellata;Pyrocystis;bioluminescent
Dinoflagellata;Peridiniella;bioluminescent
Dinoflagellata;Ceratocorys;bioluminescent
Fungus;Neonothopanus;bioluminescent
Fungus;Omphalotus;bioluminescent
Fungus;Filoboletus;bioluminescent
Fungus;Mycena;bioluminescent
Fungus;Panellus;bioluminescent
Fungus;Resinomycena;bioluminescent
Fungus;Roridomyces;bioluminescent
Fungus;Gerronema;bioluminescent
Fungus;Armillaria;bioluminescent
Radiolaria;Thalassicolla;bioluminescent
Radiolaria;Cytocladus;bioluminescent
Radiolaria;Collozoum;bioluminescent
Radiolaria;Rhaphidozoum;bioluminescent
Radiolaria;Sphaerozoum;bioluminescent
Radiolaria;Acrosphaera;bioluminescent
Radiolaria;Collosphaera;bioluminescent
Radiolaria;Siphonosphaera;bioluminescent
Radiolaria;Tuscaridium;bioluminescent
Radiolaria;Aulosphaera;bioluminescent
Porifera;Grantia;bioluminescent
Cnidaria;Atolla;bioluminescent
Cnidaria;Periphylla;bioluminescent
Cnidaria;Pelagia;bioluminescent
Cnidaria;Poralia;bioluminescent
Cnidaria;Nausithoe;bioluminescent
Cnidaria;Paraphyllina;bioluminescent
Cnidaria;Periphyllopsis;bioluminescent
Cnidaria;Phacellophora;bioluminescent
Cnidaria;Aequorea;bioluminescent
Cnidaria;Campanularia;bioluminescent
Cnidaria;Clytia;bioluminescent
Cnidaria;Phialidium;bioluminescent
Cnidaria;Obelia;bioluminescent
Cnidaria;Tima;bioluminescent
Cnidaria;Lovenella;bioluminescent
Cnidaria;Mitrocoma;bioluminescent
Cnidaria;Leuckartiara;bioluminescent
Cnidaria;Stomotoca;bioluminescent
Cnidaria;Octophialucium;bioluminescent
Cnidaria;Euphysa;bioluminescent
Cnidaria;Aegina;bioluminescent
Cnidaria;Aeginura;bioluminescent
Cnidaria;Cunina;bioluminescent
Cnidaria;Solmissus;bioluminescent
Cnidaria;Colobonema;bioluminescent
Cnidaria;Crossota;bioluminescent
Cnidaria;Bythotiara;bioluminescent
Cnidaria;Bythotiara;bioluminescent
Cnidaria;Halicreas;bioluminescent
Cnidaria;Haliscera;bioluminescent
Cnidaria;Halitrephes;bioluminescent
Cnidaria;Halopsis;bioluminescent
Cnidaria;Mitrocomella;bioluminescent
Cnidaria;Pandea;bioluminescent
Cnidaria;Pegantha;bioluminescent
Cnidaria;Solmundella;bioluminescent
Cnidaria;Abyla;bioluminescent
Cnidaria;Abylopsis;bioluminescent
Cnidaria;Bassia;bioluminescent
Cnidaria;Ceratocymba;bioluminescent
Cnidaria;Agalma;bioluminescent
Cnidaria;Halistemma;bioluminescent
Cnidaria;Nanomia;bioluminescent
Cnidaria;Apolemia;bioluminescent
Cnidaria;Chelophyes;bioluminescent
Cnidaria;Diphyes;bioluminescent
Cnidaria;Sulculeolaria;bioluminescent
Cnidaria;Forskalia;bioluminescent
Cnidaria;Hippopodius;bioluminescent
Cnidaria;Vogtia;bioluminescent
Cnidaria;Amphicaryon;bioluminescent
Cnidaria;Maresearsia;bioluminescent
Cnidaria;Nectopyramis;bioluminescent
Cnidaria;Praya;bioluminescent
Cnidaria;Rosacea;bioluminescent
Cnidaria;Rhizophysa;bioluminescent
Cnidaria;Chuniphyes;bioluminescent
Cnidaria;Craseoa;bioluminescent
Cnidaria;Gymnopraia;bioluminescent
Cnidaria;Lensia;bioluminescent
Cnidaria;Lilyopsis;bioluminescent
Cnidaria;Muggiaea;bioluminescent
Cnidaria;Nectadamas;bioluminescent
Cnidaria;Sphaeronectes;bioluminescent
Cnidaria;Bargmannia;bioluminescent
Cnidaria;Erenna;bioluminescent
Cnidaria;Frillagalma;bioluminescent
Cnidaria;Acanella;bioluminescent
Cnidaria;Ishidella;bioluminescent
Cnidaria;Keratoisis;bioluminescent
Cnidaria;Lepidisis;bioluminescent
Cnidaria;Primnoisis;bioluminescent
Cnidaria;Thouarella;bioluminescent
Cnidaria;Iridogorgia;bioluminescent
Cnidaria;Acanthogorgia;bioluminescent
Cnidaria;Anthomastus;bioluminescent
Cnidaria;Funiculina;bioluminescent
Cnidaria;Pennatula;bioluminescent
Cnidaria;Ptilosarcus;bioluminescent
Cnidaria;Distichoptilum;bioluminescent
Cnidaria;Pteroeides;bioluminescent
Cnidaria;Renilla;bioluminescent
Cnidaria;Stachyptilum;bioluminescent
Cnidaria;Umbellula;bioluminescent
Cnidaria;Cavernularia;bioluminescent
Cnidaria;Veretillum;bioluminescent
Cnidaria;Acanthoptilum;bioluminescent
Cnidaria;Stylatula;bioluminescent
Cnidaria;Virgularia;bioluminescent
Cnidaria;Epizoanthus;bioluminescent
Cnidaria;Parazoanthus;bioluminescent
Cnidaria;Savalia;bioluminescent
Cnidaria;Eleutherobia;bioluminescent
Cnidaria;Actinoscyphia;bioluminescent
Cnidaria;Parazoanthidaen.gen.;bioluminescent
Cnidaria;Halipteris;bioluminescent
Cnidaria;Protoptilum;bioluminescent
Cnidaria;Chrysogorgia;bioluminescent
Cnidaria;Heteropolypus;bioluminescent
Cnidaria;Kophobelemnon;bioluminescent
Cnidaria;Paragorgia;bioluminescent
Ctenophora;Haeckelia;bioluminescent
Ctenophora;Lampea;bioluminescent
Ctenophora;Callianira;bioluminescent
Ctenophora;Mertensia;bioluminescent
Ctenophora;Bolinopsis;bioluminescent
Ctenophora;Deiopea;bioluminescent
Ctenophora;Mnemiopsis;bioluminescent
Ctenophora;Eurhamphaea;bioluminescent
Ctenophora;Leucothea;bioluminescent
Ctenophora;Ocyropsis;bioluminescent
Ctenophora;Cestum;bioluminescent
Ctenophora;Velamen;bioluminescent
Ctenophora;Beroe;bioluminescent
Ctenophora;Aulacoctena;bioluminescent
Ctenophora;Bathocyroe;bioluminescent
Ctenophora;Bathyctena;bioluminescent
Ctenophora;Charistephane;bioluminescent
Ctenophora;Euplokamis;bioluminescent
Ctenophora;Kiyohimea;bioluminescent
Ctenophora;Thalassocalyce;bioluminescent
Nemertea;Emplectonema;bioluminescent
Gastropoda;Angiola;bioluminescent
Gastropoda;Planaxis;bioluminescent
Gastropoda;Hinea;bioluminescent
Gastropoda;Melanella;bioluminescent
Gastropoda;Kaloplocamus;bioluminescent
Gastropoda;Plocamopherus;bioluminescent
Gastropoda;Kalinga;bioluminescent
Gastropoda;Phylliroe;bioluminescent
Gastropoda;Latia;bioluminescent
Gastropoda;Quantula;bioluminescent
Gastropoda;Dyakia;bioluminescent
Gastropoda;Hemiplecta;bioluminescent
Bivalvia;Gastrochaena;bioluminescent
Bivalvia;Pholas;bioluminescent
Bivalvia;Cucullaea;bioluminescent
Cephalopoda;Spirula;bioluminescent
Cephalopoda;Euprymna;bioluminescent
Cephalopoda;Heteroteuthis;bioluminescent
Cephalopoda;Inioteuthis;bioluminescent
Cephalopoda;Iridoteuthis;bioluminescent
Cephalopoda;Nectoteuthis;bioluminescent
Cephalopoda;Rondeletiola;bioluminescent
Cephalopoda;Semirossia;bioluminescent
Cephalopoda;Sepiola;bioluminescent
Cephalopoda;Sepiolina;bioluminescent
Cephalopoda;Stoloteuthis;bioluminescent
Cephalopoda;Amphorateuthis;bioluminescent
Cephalopoda;Loliolus;bioluminescent
Cephalopoda;Uroteuthis;bioluminescent
Cephalopoda;Lampadioteuthis;bioluminescent
Cephalopoda;Lycoteuthis;bioluminescent
Cephalopoda;Nematolampas;bioluminescent
Cephalopoda;Selenoteuthis;bioluminescent
Cephalopoda;Abralia;bioluminescent
Cephalopoda;Abraliopsis;bioluminescent
Cephalopoda;Ancistrocheirus;bioluminescent
Cephalopoda;Enoploteuthis;bioluminescent
Cephalopoda;Pterygioteuthis;bioluminescent
Cephalopoda;Pyroteuthis;bioluminescent
Cephalopoda;Ancistrocheirus;bioluminescent
Cephalopoda;Watasenia;bioluminescent
Cephalopoda;Octopoteuthis;bioluminescent
Cephalopoda;Taningia;bioluminescent
Cephalopoda;Onychoteuthis;bioluminescent
Cephalopoda;Cycloteuthis;bioluminescent
Cephalopoda;Discoteuthis;bioluminescent
Cephalopoda;Gonatus;bioluminescent
Cephalopoda;Histioteuthis;bioluminescent
Cephalopoda;Bathyteuthis;bioluminescent
Cephalopoda;Chtenopteryx;bioluminescent
Cephalopoda;Brachioteuthis;bioluminescent
Cephalopoda;Slosarczykovia;bioluminescent
Cephalopoda;Batoteuthis;bioluminescent
Cephalopoda;Dosidicus;bioluminescent
Cephalopoda;Hyaloteuthis;bioluminescent
Cephalopoda;Ommastrephes;bioluminescent
Cephalopoda;Ornithoteuthis;bioluminescent
Cephalopoda;Sthenoteuthis;bioluminescent
Cephalopoda;Chiroteuthis;bioluminescent
Cephalopoda;Echinoteuthis;bioluminescent
Cephalopoda;Mastigoteuthis;bioluminescent
Cephalopoda;Idioteuthis;bioluminescent
Cephalopoda;Mastigopsis;bioluminescent
Cephalopoda;Mastigotragus;bioluminescent
Cephalopoda;Grimalditeuthis;bioluminescent
Cephalopoda;Bathothauma;bioluminescent
Cephalopoda;Cranchia;bioluminescent
Cephalopoda;Enigmocranchia;bioluminescent
Cephalopoda;Egea;bioluminescent
Cephalopoda;Galiteuthis;bioluminescent
Cephalopoda;Helicocranchia;bioluminescent
Cephalopoda;Leachia;bioluminescent
Cephalopoda;Liguriella;bioluminescent
Cephalopoda;Liocranchia;bioluminescent
Cephalopoda;Megalocranchia;bioluminescent
Cephalopoda;Mesonychoteuthis;bioluminescent
Cephalopoda;Sandalops;bioluminescent
Cephalopoda;Taonius;bioluminescent
Cephalopoda;Teuthowenia;bioluminescent
Cephalopoda;Vampyroteuthis;bioluminescent
Cephalopoda;Bolitaena;bioluminescent
Cephalopoda;Japetella;bioluminescent
Cephalopoda;Stauroteuthis;bioluminescent
Annelida;Tomopteris;bioluminescent
Annelida;Odontosyllis;bioluminescent
Annelida;Pionosyllis;bioluminescent
Annelida;Eusyllis;bioluminescent
Annelida;Aglaophamus;bioluminescent
Annelida;Acholoe;bioluminescent
Annelida;Eunoe;bioluminescent
Annelida;Gattyana;bioluminescent
Annelida;Harmothoe;bioluminescent
Annelida;Hesperonoe;bioluminescent
Annelida;Lagisca;bioluminescent
Annelida;Lepidasthenia;bioluminescent
Annelida;Lepidonotus;bioluminescent
Annelida;Malmgrenia;bioluminescent
Annelida;Neopolynoe;bioluminescent
Annelida;Polyeunoa;bioluminescent
Annelida;Polynoe;bioluminescent
Annelida;Onuphis;bioluminescent
Annelida;Chaetopterus;bioluminescent
Annelida;Mesochatopterus;bioluminescent
Annelida;Dodecaceria;bioluminescent
Annelida;Tharyx;bioluminescent
Annelida;Caulleriella;bioluminescent
Annelida;Chaetozone;bioluminescent
Annelida;Flabelligera;bioluminescent
Annelida;Pherusa;bioluminescent
Annelida;Flota;bioluminescent
Annelida;Polycirrus;bioluminescent
Annelida;Thelepus;bioluminescent
Annelida;Poeobius;bioluminescent
Annelida;Swima;bioluminescent
Annelida;Eisenia;bioluminescent
Annelida;Digaster;bioluminescent
Annelida;Diplocardia;bioluminescent
Annelida;Diplotrema;bioluminescent
Annelida;Eutyphoeus;bioluminescent
Annelida;Fletcherodrilus;bioluminescent
Annelida;Lampito;bioluminescent
Annelida;Megascolex;bioluminescent
Annelida;Microscolex;bioluminescent
Annelida;Octochaetus;bioluminescent
Annelida;Parachilota;bioluminescent
Annelida;Pontodrilus;bioluminescent
Annelida;Ramiella;bioluminescent
Annelida;Spenceriella;bioluminescent
Annelida;Avelona;bioluminescent
Annelida;Henlea;bioluminescent
Annelida;Fridericia;bioluminescent
Chelicerata;Colossendeis;bioluminescent
Crustacea;Centraugaptilus;bioluminescent
Crustacea;Euaugaptilus;bioluminescent
Crustacea;Haloptilus;bioluminescent
Crustacea;Heteroptilus;bioluminescent
Crustacea;Pseudhaloptilus;bioluminescent
Crustacea;Lucicutia;bioluminescent
Crustacea;Disseta;bioluminescent
Crustacea;Hemirhabdus;bioluminescent
Crustacea;Neorhabdus;bioluminescent
Crustacea;Heterorhabdus;bioluminescent
Crustacea;Heterostylites;bioluminescent
Crustacea;Gaussia;bioluminescent
Crustacea;Metridia;bioluminescent
Crustacea;Pleuromamma;bioluminescent
Crustacea;Megacalanus;bioluminescent
Crustacea;Aegisthus;bioluminescent
Crustacea;Oncaea;bioluminescent
Crustacea;Cypridina;bioluminescent
Crustacea;Vargula;bioluminescent
Crustacea;Photeros;bioluminescent
Crustacea;Sheina;bioluminescent
Crustacea;Enewton;bioluminescent
Crustacea;Kornickeria;bioluminescent
Crustacea;Maristella;bioluminescent
Crustacea;Conchoecia;bioluminescent
Crustacea;Alacia;bioluminescent
Crustacea;Conchoecetta;bioluminescent
Crustacea;Conchoecilla;bioluminescent
Crustacea;Conchoecissa;bioluminescent
Crustacea;Discoconchoecia;bioluminescent
Crustacea;Hyalocoecia;bioluminescent
Crustacea;Lophuroecia;bioluminescent
Crustacea;Loricoecia;bioluminescent
Crustacea;Macrochoecilla;bioluminescent
Crustacea;Mikroconchoecia;bioluminescent
Crustacea;Orthoconchoecia;bioluminescent
Crustacea;Paraconchoecia;bioluminescent
Crustacea;Paramollicia;bioluminescent
Crustacea;Parthenoecia;bioluminescent
Crustacea;Porroecia;bioluminescent
Crustacea;Gnathophausia;bioluminescent
Crustacea;Fagegnathophausia;bioluminescent
Crustacea;Neognathophausia;bioluminescent
Crustacea;Chevreuxiella;bioluminescent
Crustacea;Cyphocaris;bioluminescent
Crustacea;Danaella;bioluminescent
Crustacea;Thoriella;bioluminescent
Crustacea;Acanthoscina;bioluminescent
Crustacea;Scina;bioluminescent
Crustacea;Megalanceola;bioluminescent
Crustacea;Parapronoë;bioluminescent
Crustacea;Euphausia;bioluminescent
Crustacea;Meganyctiphanes;bioluminescent
Crustacea;Nematobrachion;bioluminescent
Crustacea;Nematoscelis;bioluminescent
Crustacea;Nyctiphanes;bioluminescent
Crustacea;Pseudeuphausia;bioluminescent
Crustacea;Stylocheiron;bioluminescent
Crustacea;Tessarabrachion;bioluminescent
Crustacea;Thysanoessa;bioluminescent
Crustacea;Thysanopoda;bioluminescent
Crustacea;Hadropenaeus;bioluminescent
Crustacea;Hymenopenaeus;bioluminescent
Crustacea;Mesopenaeus;bioluminescent
Crustacea;Solenocera;bioluminescent
Crustacea;Segestes;bioluminescent
Crustacea;Allosergestes;bioluminescent
Crustacea;Deosergestes;bioluminescent
Crustacea;Eusergestes;bioluminescent
Crustacea;Neosergestes;bioluminescent
Crustacea;Parasergestes;bioluminescent
Crustacea;Cornutosergestes;bioluminescent
Crustacea;Challengerosergia;bioluminescent
Crustacea;Gardinerosergia;bioluminescent
Crustacea;Lucensosergia;bioluminescent
Crustacea;Phorcosergia;bioluminescent
Crustacea;Robustosergia;bioluminescent
Crustacea;Scintillosergia;bioluminescent
Crustacea;Prehensilosergia;bioluminescent
Crustacea;Acanthephyra;bioluminescent
Crustacea;Ephyrina;bioluminescent
Crustacea;Heterogenys;bioluminescent
Crustacea;Hymenodora;bioluminescent
Crustacea;Kemphyra;bioluminescent
Crustacea;Meningodora;bioluminescent
Crustacea;Notostomus;bioluminescent
Crustacea;Janicella;bioluminescent
Crustacea;Oplophorus;bioluminescent
Crustacea;Systellaspis;bioluminescent
Crustacea;Glyphus;bioluminescent
Crustacea;Leptochela;bioluminescent
Crustacea;Heterocarpus;bioluminescent
Crustacea;Plesionika;bioluminescent
Crustacea;Chlorotocoides;bioluminescent
Crustacea;Thalassocaris;bioluminescent
Crustacea;Aristeus;bioluminescent
Crustacea;Aristaeomorpha;bioluminescent
Insecta;Onychiurus;bioluminescent
Insecta;Lobella;bioluminescent
Insecta;Alampoides;bioluminescent
Insecta;Cryptolampros;bioluminescent
Insecta;Deilelater;bioluminescent
Insecta;Fulgeochlizus;bioluminescent
Insecta;Hapsodrilus;bioluminescent
Insecta;Hypsiophthalmus;bioluminescent
Insecta;Ignelater;bioluminescent
Insecta;Lygelater;bioluminescent
Insecta;Noxlumenes;bioluminescent
Insecta;Nyctophyxis;bioluminescent
Insecta;Opselater;bioluminescent
Insecta;Phanophorus;bioluminescent
Insecta;Ptesimopsia;bioluminescent
Insecta;Pyrearinus;bioluminescent
Insecta;Pyrophorus;bioluminescent
Insecta;Pyroptesis;bioluminescent
Insecta;Sooporanga;bioluminescent
Insecta;Vesperelater;bioluminescent
Insecta;Photophorus;bioluminescent
Insecta;Campyloxenus;bioluminescent
Insecta;Coctilelater;bioluminescent
Insecta;Hifo;bioluminescent
Insecta;Sinopyrophorus;bioluminescent
Insecta;Bulgus;bioluminescent
Insecta;Xantholinus;bioluminescent
Insecta;Homalisus;bioluminescent
Insecta;Zaphipis;bioluminescent
Insecta;Phengodes;bioluminescent
Insecta;Pseudophengodes;bioluminescent
Insecta;Microphengodes;bioluminescent
Insecta;Distremocephalus;bioluminescent
Insecta;Cenophengus;bioluminescent
Insecta;Mastinowittmerus;bioluminescent
Insecta;Cleicosta;bioluminescent
Insecta;Decamastinocerus;bioluminescent
Insecta;Euryopa;bioluminescent
Insecta;Steneuryopa;bioluminescent
Insecta;Euryognathus;bioluminescent
Insecta;Ptorthodiellus;bioluminescent
Insecta;Taximastinocerus;bioluminescent
Insecta;Howdenia;bioluminescent
Insecta;Pseudomastinocerus;bioluminescent
Insecta;Phrixothrix;bioluminescent
Insecta;Paraphrixothrix;bioluminescent
Insecta;Eurymastinocerus;bioluminescent
Insecta;Cephalophrixothrix;bioluminescent
Insecta;Ptorthodius;bioluminescent
Insecta;Mastinomorphus;bioluminescent
Insecta;Mastinocerus;bioluminescent
Insecta;Brasilocerus;bioluminescent
Insecta;Nephromma;bioluminescent
Insecta;Oxymastinocerus;bioluminescent
Insecta;Neophengus;bioluminescent
Insecta;Stenophrixothrix;bioluminescent
Insecta;Paraptorthodius;bioluminescent
Insecta;Spangleriella;bioluminescent
Insecta;Penicillophorus;bioluminescent
Insecta;Adendrocera;bioluminescent
Insecta;Acladocera;bioluminescent
Insecta;Walterius;bioluminescent
Insecta;Tarsakanthos;bioluminescent
Insecta;Akamboja;bioluminescent
Insecta;Dioptoma;bioluminescent
Insecta;Diplocladon;bioluminescent
Insecta;Dodecatoma;bioluminescent
Insecta;Falsophrixothrix;bioluminescent
Insecta;Mimoochotyra;bioluminescent
Insecta;Rhagophthalmus;bioluminescent
Insecta;Bicladodrilus;bioluminescent
Insecta;Bicladon;bioluminescent
Insecta;Monodrilus;bioluminescent
Insecta;Pseudothilmanus;bioluminescent
Insecta;Reductodrilus;bioluminescent
Insecta;Abscondita;bioluminescent
Insecta;Afrodiaphanes;bioluminescent
Insecta;Alecton;bioluminescent
Insecta;Amydetes;bioluminescent
Insecta;Anadrilus;bioluminescent
Insecta;Ankonophallus;bioluminescent
Insecta;Aorphallus;bioluminescent
Insecta;Aquatica;bioluminescent
Insecta;Aquilonia;bioluminescent
Insecta;Araucariocladus;bioluminescent
Insecta;Aspisoma;bioluminescent
Insecta;Aspisomoides;bioluminescent
Insecta;Asymmetricata;bioluminescent
Insecta;Atyphella;bioluminescent
Insecta;Australoluciola;bioluminescent
Insecta;Baolacus;bioluminescent
Insecta;Bicellonycha;bioluminescent
Insecta;Brachylampis;bioluminescent
Insecta;Brachypterodrilus;bioluminescent
Insecta;Callopisma;bioluminescent
Insecta;Calotrachelum;bioluminescent
Insecta;Calyptocephalus;bioluminescent
Insecta;Cassidomorphus;bioluminescent
Insecta;Ceylanodrilus;bioluminescent
Insecta;Cheguevaria;bioluminescent
Insecta;Chespirito;bioluminescent
Insecta;Cladodes;bioluminescent
Insecta;Colophotia;bioluminescent
Insecta;Convexa;bioluminescent
Insecta;Cratomorphus;bioluminescent
Insecta;Curtos;bioluminescent
Insecta;Cyphonocerus;bioluminescent
Insecta;Dadophora;bioluminescent
Insecta;Diaphanes;bioluminescent
Insecta;Rhagophthalmidae;bioluminescent
Insecta;Dilychnia;bioluminescent
Insecta;Dodacles;bioluminescent
Insecta;Drilaster;bioluminescent
Insecta;Dryptelytra;bioluminescent
Insecta;Electotreta;bioluminescent
Insecta;Ellychnia;bioluminescent
Insecta;Emasia;bioluminescent
Insecta;Emeia;bioluminescent
Insecta;Emarginata;bioluminescent
Insecta;Eoluciola;bioluminescent
Insecta;Erythrolychnia;bioluminescent
Insecta;Ethra;bioluminescent
Insecta;Eugeusis;bioluminescent
Insecta;Falsophaeopterus;bioluminescent
Insecta;Flabellopalpodes;bioluminescent
Insecta;Flabellototreta;bioluminescent
Insecta;Gorhamia;bioluminescent
Insecta;Harmatelia;bioluminescent
Insecta;Heterophotinus;bioluminescent
Insecta;Hydaspoides;bioluminescent
Insecta;Hyperstoma;bioluminescent
Insecta;Inflata;bioluminescent
Insecta;Jamphotus;bioluminescent
Insecta;Kuantana;bioluminescent
Insecta;Lamellipalpodes;bioluminescent
Insecta;Lamellipalpus;bioluminescent
Insecta;Lamprigera;bioluminescent
Insecta;Lamprocera;bioluminescent
Insecta;Lamprohiza;bioluminescent
Insecta;Lampronetes;bioluminescent
Insecta;Lampyris;bioluminescent
Insecta;Lampyroidea;bioluminescent
Insecta;Ledocas;bioluminescent
Insecta;Lloydiella;bioluminescent
Insecta;Lucernuta;bioluminescent
Insecta;Lucidina;bioluminescent
Insecta;Lucidota;bioluminescent
Insecta;Lucidotopsis;bioluminescent
Insecta;Lucio;bioluminescent
Insecta;Luciola;bioluminescent
Insecta;Luciuranus;bioluminescent
Insecta;Lychnacris;bioluminescent
Insecta;Lychnobius;bioluminescent
Insecta;Macrolampis;bioluminescent
Insecta;Magnalata;bioluminescent
Insecta;Magnoculus;bioluminescent
Insecta;Medeopteryx;bioluminescent
Insecta;Memoan;bioluminescent
Insecta;Microdiphot;bioluminescent
Insecta;Microlampyris;bioluminescent
Insecta;Micronaspis;bioluminescent
Insecta;Microphotus;bioluminescent
Insecta;Mimophotinus;bioluminescent
Insecta;Missimia;bioluminescent
Insecta;Nelsonphotus;bioluminescent
Insecta;Ochotyra;bioluminescent
Insecta;Nyctophila;bioluminescent
Insecta;Oculogryphus;bioluminescent
Insecta;Oliviereus;bioluminescent
Insecta;Ophoelis;bioluminescent
Insecta;Ototreta;bioluminescent
Insecta;Ototretadrilus;bioluminescent
Insecta;Ovalampis;bioluminescent
Insecta;Crassitarsus;bioluminescent
Insecta;Pacifica;bioluminescent
Insecta;Paracratomorphus;bioluminescent
Insecta;Paraphausis;bioluminescent
Insecta;Pelania;bioluminescent
Insecta;Petalacmis;bioluminescent
Insecta;Phaenolis;bioluminescent
Insecta;Phausis;bioluminescent
Insecta;Phosphaenopterus;bioluminescent
Insecta;Phosphaenus;bioluminescent
Insecta;Photinoides;bioluminescent
Insecta;Photinus;bioluminescent
Insecta;Photoctus;bioluminescent
Insecta;Photuris;bioluminescent
Insecta;Photuroluciola;bioluminescent
Insecta;Picodrilus;bioluminescent
Insecta;Platylampis;bioluminescent
Insecta;Pleotomodes;bioluminescent
Insecta;Pleotomus;bioluminescent
Insecta;Pollaclasis;bioluminescent
Insecta;Presbyolampis;bioluminescent
Insecta;Pristolycus;bioluminescent
Insecta;Prolutacea;bioluminescent
Insecta;Pseudolychnuris;bioluminescent
Insecta;Psilocladus;bioluminescent
Insecta;Pteroptyx;bioluminescent
Insecta;Pterotus;bioluminescent
Insecta;Pygatyphella;bioluminescent
Insecta;Pygoluciola;bioluminescent
Insecta;Pyractomena;bioluminescent
Insecta;Pyractonema;bioluminescent
Insecta;Pyrocoelia;bioluminescent
Insecta;Pyrogaster;bioluminescent
Insecta;Pyrophanes;bioluminescent
Insecta;Pyropyga;bioluminescent
Insecta;Pyropygodes;bioluminescent
Insecta;Rhagophthalmidae;bioluminescent
Insecta;Robopus;bioluminescent
Insecta;Roleta;bioluminescent
Insecta;Rufolychnia;bioluminescent
Insecta;Scissicauda;bioluminescent
Insecta;Sclerotia;bioluminescent
Insecta;Serratia;bioluminescent
Insecta;Stenocladius;bioluminescent
Insecta;Tenaspis;bioluminescent
Insecta;Triangulara;bioluminescent
Insecta;Trisinuata;bioluminescent
Insecta;Uanauna;bioluminescent
Insecta;Vesta;bioluminescent
Insecta;Ybytyramoan;bioluminescent
Insecta;Arachnocampa;bioluminescent
Insecta;Keroplatus;bioluminescent
Insecta;Orfelia;bioluminescent
Insecta;Neoceroplatus;bioluminescent
Insecta;Orphnaeus;bioluminescent
Insecta;Orya;bioluminescent
Insecta;Haplophilus;bioluminescent
Insecta;Geophilus;bioluminescent
Insecta;Strigamia;bioluminescent
Insecta;Otostigmus;bioluminescent
Insecta;Stenotaenia;bioluminescent
Insecta;Salpidobolus;bioluminescent
Insecta;Paraspirobolus;bioluminescent
Insecta;Motyxia;bioluminescent
Bryozoa;Membranipora;bioluminescent
Chaetognatha;Caecosagitta;bioluminescent
Chaetognatha;Eukrohnia;bioluminescent
Echinodermata;Endoxocrinus;bioluminescent
Echinodermata;Thalassometra;bioluminescent
Echinodermata;Thaumatocrinus;bioluminescent
Echinodermata;Dytaster;bioluminescent
Echinodermata;Plutonaster;bioluminescent
Echinodermata;Benthopecten;bioluminescent
Echinodermata;Pectinaster;bioluminescent
Echinodermata;Pontaster;bioluminescent
Echinodermata;Hymenaster;bioluminescent
Echinodermata;Brisinga;bioluminescent
Echinodermata;Hymenodiscus;bioluminescent
Echinodermata;Freyella;bioluminescent
Echinodermata;Zoroaster;bioluminescent
Echinodermata;Pteraster;bioluminescent
Echinodermata;Hydrasterias;bioluminescent
Echinodermata;Ophioscolex;bioluminescent
Echinodermata;Homalophiura;bioluminescent
Echinodermata;Ophiura;bioluminescent
Echinodermata;Ophiomusium;bioluminescent
Echinodermata;Ophiopsila;bioluminescent
Echinodermata;Ophionereis;bioluminescent
Echinodermata;Ophiarachnella;bioluminescent
Echinodermata;Ophiacantha;bioluminescent
Echinodermata;Ophiomitra;bioluminescent
Echinodermata;Ophiomitrella;bioluminescent
Echinodermata;Ohioplinthaca;bioluminescent
Echinodermata;Ophiopholis;bioluminescent
Echinodermata;Acrocnida;bioluminescent
Echinodermata;Amphipholis;bioluminescent
Echinodermata;Amphiura;bioluminescent
Echinodermata;Ophiothrix;bioluminescent
Echinodermata;Ophiochiton;bioluminescent
Echinodermata;Mesothuria;bioluminescent
Echinodermata;Paelopatides;bioluminescent
Echinodermata;Paroriza;bioluminescent
Echinodermata;Pseudostichopus;bioluminescent
Echinodermata;Scotothuria(=Galatheathuria);bioluminescent
Echinodermata;Benthogone;bioluminescent
Echinodermata;Laetmogone;bioluminescent
Echinodermata;Pannychia;bioluminescent
Echinodermata;Ellipinion;bioluminescent
Echinodermata;Kolga;bioluminescent
Echinodermata;Peniagone;bioluminescent
Echinodermata;Scotoplanes;bioluminescent
Echinodermata;Benthodytes;bioluminescent
Echinodermata;Psychropotes;bioluminescent
Echinodermata;Enypniastes;bioluminescent
Echinodermata;Hansenothuria;bioluminescent
Hemichordata;Balanoglossus;bioluminescent
Hemichordata;Glossobalanus;bioluminescent
Hemichordata;Ptychodera;bioluminescent
Urochordata;Clavelina;bioluminescent
Urochordata;Pyrosoma;bioluminescent
Urochordata;Pyrosomella;bioluminescent
Urochordata;Pyrostremma;bioluminescent
Urochordata;Pegea;bioluminescent
Urochordata;Thetys;bioluminescent
Urochordata;Doliolula;bioluminescent
Urochordata;Pseudusa;bioluminescent
Urochordata;Paradoliopsis;bioluminescent
Urochordata;Oikopleura;bioluminescent
Urochordata;Stegosoma;bioluminescent
Urochordata;Folia;bioluminescent
Urochordata;Bathochordaeus;bioluminescent
Urochordata;Mesochordaeus;bioluminescent
Vertebrata;Dalatias;bioluminescent
Vertebrata;Euprotomicroides;bioluminescent
Vertebrata;Euprotomicrus;bioluminescent
Vertebrata;Heteroscymnoides;bioluminescent
Vertebrata;Isistius;bioluminescent
Vertebrata;Mollisquama;bioluminescent
Vertebrata;Squaliolus;bioluminescent
Vertebrata;Aculeola;bioluminescent
Vertebrata;Centroscyllium;bioluminescent
Vertebrata;Etmopterus;bioluminescent
Vertebrata;;bioluminescent
Vertebrata;Trigonognathus;bioluminescent
Vertebrata;Zameus;bioluminescent
Vertebrata;Lumiconger;bioluminescent
Vertebrata;Chlorophthalmus;bioluminescent
Vertebrata;Coccorella;bioluminescent
Vertebrata;Odontostomops;bioluminescent
Vertebrata;Lestidium;bioluminescent
Vertebrata;Lestrolepis;bioluminescent
Vertebrata;Benthalbella;bioluminescent
Vertebrata;Scopelarchoides;bioluminescent
Vertebrata;Porichthys;bioluminescent
Vertebrata;Anomalops;bioluminescent
Vertebrata;Kryptophanaron;bioluminescent
Vertebrata;Photoblepharon;bioluminescent
Vertebrata;Phthanophaneron;bioluminescent
Vertebrata;Parmops;bioluminescent
Vertebrata;Protoblepharon;bioluminescent
Vertebrata;Cleidopus;bioluminescent
Vertebrata;Monocentris;bioluminescent
Vertebrata;Aulotrachichthys;bioluminescent
Vertebrata;Cetonurichthys;bioluminescent
Vertebrata;Cetonurus;bioluminescent
Vertebrata;Coelorinchus;bioluminescent
Vertebrata;Haplomacrourus;bioluminescent
Vertebrata;Hymenocephalus;bioluminescent
Vertebrata;Hymenogadus;bioluminescent
Vertebrata;Kumba;bioluminescent
Vertebrata;Kuronezumia;bioluminescent
Vertebrata;Lepidorynchus;bioluminescent
Vertebrata;Lucigadus;bioluminescent
Vertebrata;Malacocephalus;bioluminescent
Vertebrata;Mataeocephalus;bioluminescent
Vertebrata;Mesovagus;bioluminescent
Vertebrata;Nezumia;bioluminescent
Vertebrata;Odontomacrurus;bioluminescent
Vertebrata;Pseudocetonurus;bioluminescent
Vertebrata;Pseudonezumia;bioluminescent
Vertebrata;Sphagemacrurus;bioluminescent
Vertebrata;Spicomacrurus;bioluminescent
Vertebrata;Trachonurus;bioluminescent
Vertebrata;Ventrifossa;bioluminescent
Vertebrata;Steindachneria;bioluminescent
Vertebrata;Gadella;bioluminescent
Vertebrata;Physiculus;bioluminescent
Vertebrata;Pterophycis;bioluminescent
Vertebrata;Salilota;bioluminescent
Vertebrata;Tripterophycis;bioluminescent
Vertebrata;Centrophryne;bioluminescent
Vertebrata;Ceratias;bioluminescent
Vertebrata;Cryptosaras;bioluminescent
Vertebrata;Bufoceratias;bioluminescent
Vertebrata;Diceratias;bioluminescent
Vertebrata;Gigantactis;bioluminescent
Vertebrata;Himantolophus;bioluminescent
Vertebrata;Acentrophryne;bioluminescent
Vertebrata;Borophryne;bioluminescent
Vertebrata;Haplophryne;bioluminescent
Vertebrata;Linophryne;bioluminescent
Vertebrata;Photocorynus;bioluminescent
Vertebrata;Melanocetus;bioluminescent
Vertebrata;Dibranchus;bioluminescent
Vertebrata;Bertella;bioluminescent
Vertebrata;Chaenophryne;bioluminescent
Vertebrata;Chirophryne;bioluminescent
Vertebrata;Ctenochirichthys;bioluminescent
Vertebrata;Danaphryne;bioluminescent
Vertebrata;Dermatias;bioluminescent
Vertebrata;Dolopichthys;bioluminescent
Vertebrata;Leptacanthichthys;bioluminescent
Vertebrata;Lophodolos;bioluminescent
Vertebrata;Microlopichthys;bioluminescent
Vertebrata;Oneirodes;bioluminescent
Vertebrata;Pentherichthys;bioluminescent
Vertebrata;Phyllorhinichthys;bioluminescent
Vertebrata;Puck;bioluminescent
Vertebrata;Spiniphryne;bioluminescent
Vertebrata;Tyrannophryne;bioluminescent
Vertebrata;Lasiognathus;bioluminescent
Vertebrata;Thaumatichthys;bioluminescent
Vertebrata;Benthosema;bioluminescent
Vertebrata;Bolinichthys;bioluminescent
Vertebrata;Centrobranchus;bioluminescent
Vertebrata;Dasyscopelus;bioluminescent
Vertebrata;Ceratoscopelus;bioluminescent
Vertebrata;Diaphus;bioluminescent
Vertebrata;Diogenichthys;bioluminescent
Vertebrata;Electrona;bioluminescent
Vertebrata;Gonichthys;bioluminescent
Vertebrata;Gymnoscopelus;bioluminescent
Vertebrata;Hintonia;bioluminescent
Vertebrata;Hygophum;bioluminescent
Vertebrata;Idiolychnus;bioluminescent
Vertebrata;Krefftichthys;bioluminescent
Vertebrata;Lampadena;bioluminescent
Vertebrata;Lampanyctodes;bioluminescent
Vertebrata;Lampanyctus;bioluminescent
Vertebrata;Lampichthys;bioluminescent
Vertebrata;Lepidophanes;bioluminescent
Vertebrata;Lobianchia;bioluminescent
Vertebrata;Loweina;bioluminescent
Vertebrata;Macrostoma;bioluminescent
Vertebrata;Metelectrona;bioluminescent
Vertebrata;Myctophum;bioluminescent
Vertebrata;Nannobrachium;bioluminescent
Vertebrata;Notolychnus;bioluminescent
Vertebrata;Notoscopelus;bioluminescent
Vertebrata;Parvilux;bioluminescent
Vertebrata;Protomyctophum;bioluminescent
Vertebrata;Scopelopsis;bioluminescent
Vertebrata;Stenobrachius;bioluminescent
Vertebrata;Symbolophorus;bioluminescent
Vertebrata;Taaningichthys;bioluminescent
Vertebrata;Tarletonbeania;bioluminescent
Vertebrata;Triphoturus;bioluminescent
Vertebrata;Neoscopelus;bioluminescent
Vertebrata;Microphotolepis;bioluminescent
Vertebrata;Photostylus;bioluminescent
Vertebrata;Rouleina;bioluminescent
Vertebrata;Xenodermichthys;bioluminescent
Vertebrata;Monacoa;bioluminescent
Vertebrata;Nansenia;bioluminescent
Vertebrata;Dolichopteryx;bioluminescent
Vertebrata;Opisthoproctus;bioluminescent
Vertebrata;Rhynchohyalus;bioluminescent
Vertebrata;Winteria;bioluminescent
Vertebrata;Barbantus;bioluminescent
Vertebrata;Holtbyrnia;bioluminescent
Vertebrata;Matsuichthys;bioluminescent
Vertebrata;Maulisia;bioluminescent
Vertebrata;Mentodus;bioluminescent
Vertebrata;Mirorictus;bioluminescent
Vertebrata;Normichthys;bioluminescent
Vertebrata;Pectinantus;bioluminescent
Vertebrata;Persparsia;bioluminescent
Vertebrata;Platytroctes;bioluminescent
Vertebrata;Sagamichthys;bioluminescent
Vertebrata;Searsia;bioluminescent
Vertebrata;Searsoides;bioluminescent
Vertebrata;Acropoma;bioluminescent
Vertebrata;Synagrops;bioluminescent
Vertebrata;Jaydia;bioluminescent
Vertebrata;Rhabdamia;bioluminescent
Vertebrata;Siphamia;bioluminescent
Vertebrata;Verulux;bioluminescent
Vertebrata;Epigonus;bioluminescent
Vertebrata;Florenciella;bioluminescent
Vertebrata;Rosenblattia;bioluminescent
Vertebrata;Howella;bioluminescent
Vertebrata;Pseudoscopelus;bioluminescent
Vertebrata;Aurigequula;bioluminescent
Vertebrata;Deveximentum;bioluminescent
Vertebrata;Equulites;bioluminescent
Vertebrata;Eubleekeria;bioluminescent
Vertebrata;Gazza;bioluminescent
Vertebrata;Karalla;bioluminescent
Vertebrata;Leiognathus;bioluminescent
Vertebrata;Nuchequula;bioluminescent
Vertebrata;Photolateralis;bioluminescent
Vertebrata;Photopectoralis;bioluminescent
Vertebrata;Deveximentum;bioluminescent
Vertebrata;Parapriacanthus;bioluminescent
Vertebrata;Pempheris;bioluminescent
Vertebrata;Larimichthys;bioluminescent
Vertebrata;Sonorolux;bioluminescent
Vertebrata;Eurypharynx;bioluminescent
Vertebrata;Saccopharynx;bioluminescent
Vertebrata;Bonapartia;bioluminescent
Vertebrata;Cyclothone;bioluminescent
Vertebrata;Diplophus;bioluminescent
Vertebrata;Gonostoma;bioluminescent
Vertebrata;Manducus;bioluminescent
Vertebrata;Margrethia;bioluminescent
Vertebrata;Sigmops;bioluminescent
Vertebrata;Triplophos;bioluminescent
Vertebrata;Ichthyococcus;bioluminescent
Vertebrata;Phosichthys;bioluminescent
Vertebrata;Pollichthys;bioluminescent
Vertebrata;Polymetme;bioluminescent
Vertebrata;Vinciguerria;bioluminescent
Vertebrata;Woodsia;bioluminescent
Vertebrata;Yarrella;bioluminescent
Vertebrata;Araiophos;bioluminescent
Vertebrata;Argyripnus;bioluminescent
Vertebrata;Argyropelecus;bioluminescent
Vertebrata;Danaphos;bioluminescent
Vertebrata;Maurolicus;bioluminescent
Vertebrata;Polyipnus;bioluminescent
Vertebrata;Sonoda;bioluminescent
Vertebrata;Sternoptyx;bioluminescent
Vertebrata;Thorophos;bioluminescent
Vertebrata;Valenciennellus;bioluminescent
Vertebrata;Aristostomias;bioluminescent
Vertebrata;Astronesthes;bioluminescent
Vertebrata;Bathophilus;bioluminescent
Vertebrata;Borostomias;bioluminescent
Vertebrata;Chauliodus;bioluminescent
Vertebrata;Chirostomias;bioluminescent
Vertebrata;Echiostoma;bioluminescent
Vertebrata;Eupogonesthes;bioluminescent
Vertebrata;Eustomias;bioluminescent
Vertebrata;Flagellostomias;bioluminescent
Vertebrata;Grammatostomias;bioluminescent
Vertebrata;Heterophotus;bioluminescent
Vertebrata;Idiacanthus;bioluminescent
Vertebrata;Leptostomias;bioluminescent
Vertebrata;Malacosteus;bioluminescent
Vertebrata;Melanostomias;bioluminescent
Vertebrata;Neonesthes;bioluminescent
Vertebrata;Odontostomias;bioluminescent
Vertebrata;Opostomias;bioluminescent
Vertebrata;Pachystomias;bioluminescent
Vertebrata;Photonectes;bioluminescent
Vertebrata;Photostomias;bioluminescent
Vertebrata;Rhadinesthes;bioluminescent
Vertebrata;Stomias;bioluminescent
Vertebrata;Tactostoma;bioluminescent
Vertebrata;Thysanactis;bioluminescent
Vertebrata;Trigonolampa;bioluminescent
Crustacea;Acanthamunnopsis milleri;non-bioluminescent
Fishes;Actinopteri;undefined
Hydromedusae;Aegina;bioluminescent
Hydromedusae;Aegina bent-tentacle;undefined
Hydromedusae;Aegina citrea;bioluminescent
Hydromedusae;Aeginura;bioluminescent
Annelida;Alciopidae;non-bioluminescent
Hydromedusae;Anthomedusae;likely
Siphonophora;Apolemia;bioluminescent
Appendicularia;Appendicularia;likely
Hydromedusae;Arctapodema;bioluminescent
Scyphozoa;Atolla;bioluminescent
Scyphozoa;Atolla wyvillei;bioluminescent
Rhizaria;Aulosphaera;bioluminescent
Siphonophora;Bargmannia elongata;bioluminescent
Siphonophora;Bargmannia;bioluminescent
Appendicularia;Bathochordaeus;unlikely
Ctenophora;Bathocyroe;bioluminescent
Fishes;Bathylagidae;unlikely
Ctenophora;Beroe;bioluminescent
Ctenophora;Bolinopsis infundibulum;bioluminescent
Hydromedusae;Botrynema brucei;bioluminescent
Chaetognatha;Caecosagitta macrocephala;bioluminescent
Siphonophora;Calycophorae;bioluminescent
Hydromedusae;Calycopsidae;bioluminescent
Chaetognatha;Chaetognatha;unlikely
Annelida;Chaetopterus pugaporcinus;bioluminescent
Siphonophora;Chuniphyes multidentata;bioluminescent
Siphonophora;Chuniphyes moserae;bioluminescent
Siphonophora;Chuniphyes;bioluminescent
Pteropoda;Clione limacina;non-bioluminescent
Hydromedusae;Colobonema sericeum;bioluminescent
Siphonophora;Cordagalma;bioluminescent
Scyphozoa;Coronatae;bioluminescent
Cephalopoda;Cranchiidae;bioluminescent
Hydromedusae;Crossota millsae;bioluminescent
Crustacea;Crustacea;undefined
Ctenophora;Ctenophora;likely
Hydromedusae;Cunina;bioluminescent
Fishes;Cyclothone;bioluminescent
Fishes;Cyclothone pallida;bioluminescent
Ctenophora;Cydippida;likely
Siphonophora;Desmophyes haematogaster;bioluminescent
Siphonophora;Desmophyes;bioluminescent
Thaliacea;Doliolida;unlikely
Thaliacea;Doliolinetta;non-bioluminescent
Thaliacea;Doliolula equus;bioluminescent
Cephalopoda;Dosidicus gigas;bioluminescent
Hydromedusae;Earleria corachloeae;bioluminescent
Siphonophora;Erenna;bioluminescent
Siphonophora;Erenna richardi;bioluminescent
Chaetognatha;Eukrohnia fowleri;bioluminescent
Crustacea;Euphausiacea;bioluminescent
Crustacea;Sergestes;bioluminescent
Hydromedusae;Eutonina indicans;bioluminescent
Rhizaria;Foraminifera;undefined
Siphonophora;Forskalia;bioluminescent
Appendicularia;Fritillaria;unlikely
Cephalopoda;Gonatus;non-bioluminescent
Hydromedusae;Halicreas;bioluminescent
Hydromedusae;Halicreas minimum;bioluminescent
Hydromedusae;Haliscera bigelowi;bioluminescent
Hydromedusae;Haliscera conica;bioluminescent
Rhizaria;Hastigerinella digitata;non-bioluminescent
Ctenophora;Hormiphora californensis;non-bioluminescent
Hydromedusae;Hydromedusae;likely
Siphonophora;Kephyes ovata;bioluminescent
Ctenophora;Lampocteis cruentiventer;bioluminescent
Crustacea;Lanceolidae;non-bioluminescent
Siphonophora;Lensia conoidea;bioluminescent
Hydromedusae;Leuckartiara;bioluminescent
Ctenophora;Leucothea;bioluminescent
Fishes;Leuroglossus stilbius;unlikely
Ctenophora;Lobata;bioluminescent
Hydromedusae;Medusae;undefined
Fishes;Melamphaidae;undefined
Appendicularia;Mesochordaeus erythrocephalus;bioluminescent
Appendicularia;Mesoikopleura;undefined
Hydromedusae;Mitrocoma cellularia;bioluminescent
Crustacea;Munneurycope murrayi;non-bioluminescent
Crustacea;Munnopsidae;non-bioluminescent
Fishes;Myctophidae;bioluminescent
Crustacea;Mysidae;undefined
Siphonophora;Nanomia bijuga;bioluminescent
Appendicularia;Oikopleura;bioluminescent
Hydromedusae;Pandea rubra;undefined
Hydromedusae;Pantachogon haeckeli;bioluminescent
Thaliacea;Paradoliopsis harbisoni;bioluminescent
Fishes;Paralepididae;unlikely
Annelida;Pelagobia longicirrata;non-bioluminescent
Scyphozoa;Periphylla periphylla;bioluminescent
Siphonophora;Physonectae;bioluminescent
Fishes;Pleuronectiformes 2;undefined
Annelida;Poeobius meseres;bioluminescent
Annelida;Poeobius 2;bioluminescent
Annelida;Polychaeta;undefined
Scyphozoa;Poralia rufescens;bioluminescent
Siphonophora;Prayidae;bioluminescent
Chaetognatha;Pseudosagitta;non-bioluminescent
Pteropoda;Pseudothecosomata;non-bioluminescent
Pteropoda;Pteropoda;undefined
Pteropoda;Pterotrachea;non-bioluminescent
Rhizaria;Radiozoa;likely
Siphonophora;Resomia ornicephala;bioluminescent
Siphonophora;Resomia persica;bioluminescent
Hydromedusae;Rhopalonematidae;undefined
Siphonophora;Rosacea;bioluminescent
Siphonophora;Siphonophorae;likely
Hydromedusae;Solmaris;bioluminescent
Hydromedusae;Solmissus;bioluminescent
Hydromedusae;Solmundella;bioluminescent
Siphonophora;Sphaeronectes christiansonae;bioluminescent
Siphonophora;Sphaeronectes;bioluminescent
Fishes;Sternoptychidae;bioluminescent
Hydromedusae;Tetrorchis erythrogaster;bioluminescent
Cephalopoda;Teuthoidea;undefined
Ctenophora;Thalassocalyce inconstans;bioluminescent
Scyphozoa;Tiburonia granrojo;undefined
Annelida;Tomopteris;bioluminescent
Rhizaria;Tuscarantha braueri;bioluminescent
Ctenophora;Velamen parallelum;bioluminescent
Thaliacea;Vitreosalpa gemini;non-bioluminescent
Scyphozoa;Atolla vanhoeffeni;bioluminescent
Siphonophora;Bargmannia lata;bioluminescent
Fishes;Bathylagus;unlikely
Cephalopoda;Chiroteuthis calyx;bioluminescent
Ctenophora;Deiopea;bioluminescent
Hydromedusae;Eutima;bioluminescent
Siphonophora;Frillagalma vityazi;bioluminescent
Cephalopoda;Galiteuthis;bioluminescent
Siphonophora;Gymnopraia lapislazula;bioluminescent
Hydromedusae;LRJ complex;undefined
Crustacea;Polychelidae 2;undefined
Siphonophora;Prayinae;bioluminescent
Thaliacea;Salpida;non-bioluminescent
Siphonophora;Stephanomia amphytridis;bioluminescent
Fishes;Tactostoma macropus;bioluminescent
Rhizaria;Tuscaroridae;bioluminescent
Annelida;Typhloscolecidae;undefined
Cephalopoda;Vampyroteuthis infernalis;bioluminescent
Siphonophora;Vogtia serrata;bioluminescent
Ctenophora;Beroe forskalii;bioluminescent
Ctenophora;Charistephane;bioluminescent
Cephalopoda;Chiroteuthidae;bioluminescent
Siphonophora;Clausophyes;bioluminescent
Siphonophora;Craseoa lathetica;bioluminescent
Hydromedusae;Eumedusa;bioluminescent
Hydromedusae;Euphysa;bioluminescent
Hydromedusae;Halicreatidae;undefined
Ctenophora;Kiyohimea usagi;bioluminescent
Siphonophora;Lychnagalma utricularia;non-bioluminescent
Fishes;Melanostigma pammelas;unlikely
Fishes;Merluccius productus;non-bioluminescent
Crustacea;Pasiphaeidae;undefined
Hydromedusae;Rhopalonema;bioluminescent
Ctenophora;Beroe gracilis;bioluminescent
Ctenophora;Beroe abyssicola;bioluminescent
Pteropoda;Clione;non-bioluminescent
Hydromedusae;Crossota;bioluminescent
Cephalopoda;Doryteuthis opalescens;non-bioluminescent
Ctenophora;Euplokamis;bioluminescent
Ctenophora;Haeckelia;bioluminescent
Fishes;Lycodapus;unlikely
Ctenophora;Mertensiidae sp. A;bioluminescent
Siphonophora;Praya dubia;bioluminescent
Hydromedusae;Ptychogena lactea;bioluminescent
Crustacea;Scinidae;bioluminescent
Rhizaria;Tuscarilla similis;bioluminescent
Siphonophora;Clausophyidae;bioluminescent
Thaliacea;Cyclosalpa;non-bioluminescent
Cephalopoda;Histioteuthis heteropsis;bioluminescent
Siphonophora;Lensia hostile;bioluminescent
Hydromedusae;Leptomedusae;undefined
Hydromedusae;Melicertum octocostatum;bioluminescent
Ctenophora;Mertensia;bioluminescent
Hydromedusae;Modeeria rotunda;bioluminescent
Crustacea;Pasiphaea;undefined
Fishes;Tarletonbeania;bioluminescent
Rhizaria;Tuscarantha luciae;bioluminescent
Siphonophora;Apolemia lanosa;bioluminescent
Hydromedusae;Branchiocerianthus imperator;undefined
Crustacea;Caridea;undefined
Fishes;Cetomimiformes;undefined
Crustacea;Decapoda;unlikely
Ctenophora;Euplokamis dunlapae;bioluminescent
Crustacea;Galatheidae;non-bioluminescent
Crustacea;Gigantocypris agassizii;non-bioluminescent
Hydromedusae;Halitrephes maasi;bioluminescent
Hydromedusae;Heterotiara minor;bioluminescent
Fishes;Idiacanthus;bioluminescent
Ctenophora;Lampea;bioluminescent
Siphonophora;Lensia havock;bioluminescent
Fishes;Liparidae;undefined
Fishes;Lycenchelys;unlikely
Siphonophora;Marrus;bioluminescent
Siphonophora;Marrus claudanielis;bioluminescent
Crustacea;Munneurycope;non-bioluminescent
Crustacea;Munnopsis;non-bioluminescent
Pteropoda;Mystery Mollusc;bioluminescent
Siphonophora;Nectadamas diomedeae;bioluminescent
Crustacea;Neolithodes;non-bioluminescent
Fishes;Paraliparis rosaceus;undefined
Scyphozoa;Paraphyllina;bioluminescent
Ctenophora;Pleurobrachia bachei;non-bioluminescent
Crustacea;Polycheles;undefined
Hydromedusae;Ptychogastria;undefined
Siphonophora;Rhodaliidae;bioluminescent
Siphonophora;Sphaeronectes haddocki;bioluminescent
Fishes;Sternoptyx;bioluminescent
Crustacea;Storthyngura;non-bioluminescent
Rhizaria;Tuscaretta globosa;bioluminescent
Rhizaria;Tuscaridium cygneum;bioluminescent
Rhizaria;Tuscarilla nationalis;bioluminescent
Rhizaria;Tuscarilla campanella;bioluminescent
Pteropoda;Corolla spectabilis;non-bioluminescent
Fishes;Coryphaenoides;undefined
Ctenophora;Llyria;bioluminescent
Appendicularia;Oikopleuridae;bioluminescent
Thaliacea;Paradoliopsis;bioluminescent
Cephalopoda;Abraliopsis felis;bioluminescent
Siphonophora;Agalma;bioluminescent
Cephalopoda;Galiteuthis phyllura;bioluminescent
Ctenophora;Mertensiidae;bioluminescent
Cephalopoda;Taoniinae;undefined
Fishes;Chauliodus macouni;bioluminescent
Fishes;Pleuronectiformes;undefined
Fishes;Bathylagoides wesethi;unlikely
Scyphozoa;Nausithoe;bioluminescent
Siphonophora;Sphaeronectes tiburonae;bioluminescent
Cephalopoda;Taonius;bioluminescent
Hydromedusae;Tetrorchis sp. A;bioluminescent
Pteropoda;Thliptodon;bioluminescent
Fishes;Antimora microlepis;unlikely
Siphonophora;Bargmannia amoena;bioluminescent
Appendicularia;Bathochordaeus sp. A;unlikely
Fishes;Bothrocara brunneum;unlikely
Siphonophora;Desmophyes annectens;bioluminescent
Siphonophora;Lensia;bioluminescent
Fishes;Oneirodes;bioluminescent
Fishes;Paraliparis;undefined
Siphonophora;Physophora hydrostatica;non-bioluminescent
Fishes;Pseudobathylagus milleri;unlikely
Annelida;Serpulidae;undefined
Fishes;Talismania bifurcata;undefined
Annelida;Travisiopsis;non-bioluminescent
Fishes;Aristostomias scintillans;bioluminescent
Ctenophora;Bathyctena chuni;bioluminescent
Hydromedusae;Crossota alba;bioluminescent
Annelida;Flota vitjasi;bioluminescent
Fishes;Chiasmodon niger;undefined
Hydromedusae;Chromatonema rubrum;undefined
Siphonophora;Clausophyes moserae;bioluminescent
Crustacea;Munnopsurus;unlikely
Hydromedusae;Narcomedusae;bioluminescent
Cephalopoda;Abraliopsis;bioluminescent
Ctenophora;Aulacoctena;bioluminescent
Fishes;Cyema atrum;non-bioluminescent
Hydromedusae;Euphysora gigantea;bioluminescent
Fishes;Eurypharynx pelecanoides;undefined
Thaliacea;Helicosalpa;non-bioluminescent
Fishes;Stenobrachius leucopsarus;bioluminescent
Hydromedusae;Tetrorchis;bioluminescent
Scyphozoa;Aurelia aurita;non-bioluminescent
Scyphozoa;Chrysaora fuscescens;non-bioluminescent
Scyphozoa;Periphyllopsis;bioluminescent
Hydromedusae;Bythotiara;bioluminescent
Hydromedusae;Colobonema;bioluminescent
Hydromedusae;Euphysora;bioluminescent
Appendicularia;Fritillariidae;unlikely
Siphonophora;Lilyopsis fluoracantha;bioluminescent
Thaliacea;Pseudusa bostigrinus;bioluminescent
Annelida;Tomopteridae;bioluminescent
Hydromedusae;Aeginidae;bioluminescent
Hydromedusae;Aeginura grimaldii;bioluminescent
Annelida;Annelida;undefined
Pteropoda;Clio polita;non-bioluminescent
Siphonophora;Lensia multicristata;bioluminescent
Fishes;Nemichthyidae;undefined
Fishes;Scopelarchidae;undefined
Fishes;Serrivomer sector;non-bioluminescent
Annelida;Swima;bioluminescent
Hydromedusae;Trachymedusae;bioluminescent
Appendicularia;Bathochordaeinae;unlikely
Cephalopoda;Planctoteuthis;bioluminescent
Fishes;Zoarcidae;unlikely
Fishes;Coryphaenoides leptolepis;undefined
Scyphozoa;Deepstaria enigmatica;undefined
Crustacea;Gnathophausia;bioluminescent
Cephalopoda;Japetella diaphana;bioluminescent
Crustacea;Nebaliopsis;non-bioluminescent
Fishes;Ophidiiformes;undefined
Crustacea;Pandalidae;undefined
Fishes;Serrivomer;non-bioluminescent
Hydromedusae;Sminthea;bioluminescent
Fishes;Spectrunculus grandis;undefined
Rhizaria;Tuscaretta;bioluminescent
Scyphozoa;Atorella;bioluminescent
Fishes;Coryphaenoides filifer;undefined
Siphonophora;Stephanomia amphytridis ;bioluminescent
Fishes;Alepocephalidae;undefined
Siphonophora;Lensia achilles;bioluminescent
Siphonophora;Erenna cornuta;bioluminescent
Fishes;Stomiidae;bioluminescent
Hydromedusae;Annatiara;bioluminescent
Crustacea;Anomura;undefined
Siphonophora;Erenna laciniata;bioluminescent
Crustacea;Nebalia;non-bioluminescent
Hydromedusae;Octogonade;bioluminescent
Thaliacea;Pyrosoma;bioluminescent
Fishes;Anguilliformes;undefined
Hydromedusae;Benthocodon;likely
Hydromedusae;Liriope tetraphylla;bioluminescent
Rhizaria;Phaeodaria;bioluminescent
Hydromedusae;Tiaropsidium kelseyi;bioluminescent
Crustacea;Acanthamunnopsis;non-bioluminescent
Fishes;Argyropelecus;bioluminescent
Cephalopoda;Cirrothauma murrayi;undefined
Crustacea;Cystisoma magna;non-bioluminescent
Cephalopoda;Grimpoteuthis sp. 5;undefined
Fishes;Idiacanthus antrostomus;bioluminescent
Crustacea;Paramunnopsis;non-bioluminescent
Crustacea;Paraphronima;non-bioluminescent
Crustacea;Phronima;non-bioluminescent
Siphonophora;Resomia;bioluminescent
Hydromedusae;Rhopalonema velatum;bioluminescent
Annelida;Swima bombiviridis;bioluminescent
Annelida;Swima fulgida;bioluminescent
Ctenophora;Cestum veneris;bioluminescent
Siphonophora;Clausophyes tropica;bioluminescent
Siphonophora;Crystallophyes;bioluminescent
Hydromedusae;Cuninidae;bioluminescent
Chaetognatha;Heterokrohnia;non-bioluminescent
Annelida;Lopadorhynchidae;undefined
Fishes;Macropinna microstoma;undefined
Siphonophora;Physonectae sp. 1;bioluminescent
Thaliacea;Salpa;non-bioluminescent
Thaliacea;Salpa fusiformis;non-bioluminescent
Fishes;Trachipterus altivelis;undefined
Crustacea;Euphausia 2;bioluminescent
Fishes;Lampanyctus;bioluminescent
Hydromedusae;Pegantha;bioluminescent
Cephalopoda;Planctoteuthis oligobessa;undefined
Thaliacea;Thaliacea;undefined
Cephalopoda;Benthoctopus;non-bioluminescent
Hydromedusae;Aglantha;bioluminescent
Pteropoda;Clio;non-bioluminescent
Fishes;Microstomus pacificus;undefined
Fishes;Anoplogaster cornuta;undefined
Siphonophora;Apolemia rubriversa;bioluminescent
Hydromedusae;Liriope;bioluminescent
Cephalopoda;Octopoteuthis deletron;bioluminescent
Siphonophora;Rudjakovia;likely
Ctenophora;Bathyctena;bioluminescent
Pteropoda;Carinaria japonica;non-bioluminescent
Pteropoda;Corolla;non-bioluminescent
Pteropoda;Mollusca;undefined
Crustacea;Munidopsidae;non-bioluminescent
Thaliacea;Salpa maxima;non-bioluminescent
Crustacea;Streetsia;undefined
Pteropoda;Thecosomata;non-bioluminescent
Fishes;Argyropelecus affinis;bioluminescent
Crustacea;Lanceola;non-bioluminescent
Siphonophora;Resomia dunni ;bioluminescent
Hydromedusae;Crossota rufobrunnea;bioluminescent
Hydromedusae;Calycopsis;bioluminescent
Siphonophora;Lilyopsis;bioluminescent
Hydromedusae;Pandea;undefined
Chaetognatha;Solidosagitta zetesios;non-bioluminescent
Siphonophora;Halistemma;bioluminescent
Cephalopoda;Octopus rubescens;non-bioluminescent
Crustacea;Lanceoloidea;non-bioluminescent
Crustacea;Mysidacea;undefined
Rhizaria;Tuscarilla;bioluminescent
Fishes;Avocettina;undefined
Fishes;Melamphaes;undefined
Crustacea;Scina;bioluminescent
Cephalopoda;Haliphron atlanticus;undefined
Siphonophora;Nectadamas ;bioluminescent
Hydromedusae;Aglaura;bioluminescent
Hydromedusae;Hydrozoa;undefined
Fishes;Merlucciidae;non-bioluminescent
Siphonophora;Rudjakovia plicata;bioluminescent
Appendicularia;Bathochordaeus stygius;unlikely
Fishes;Leuroglossus;unlikely
Siphonophora;Physophora gilmeri;non-bioluminescent
Crustacea;Cyphocaris;bioluminescent
Chaetognatha;Eukrohnia;non-bioluminescent
Ctenophora;Euplokamidae;bioluminescent
Scyphozoa;Tiburonia;undefined
Ctenophora;Dryodora glandiformis;bioluminescent
Crustacea;Oplophoridae;bioluminescent
Cephalopoda;Planctoteuthis danae;undefined
Fishes;Chauliodontinae;bioluminescent
Fishes;Sternoptyx diaphana;bioluminescent
Fishes;Careproctus;undefined
Siphonophora;Marrus orthocanna;bioluminescent
Crustacea;Pleuroncodes planipes;non-bioluminescent
Thaliacea;Pyrosoma atlanticum;bioluminescent
Hydromedusae;Vampyrocrossota childressi;bioluminescent
Cephalopoda;Cirrothauma;undefined
Scyphozoa;Nausithoe rubra;bioluminescent
Cephalopoda;Graneledone boreopacifica;non-bioluminescent
Crustacea;Lithodidae;non-bioluminescent
Hydromedusae;Neoturris;undefined
Siphonophora;Erenna sp. B;bioluminescent
Cephalopoda;Stigmatoteuthis dofleini;bioluminescent
Pteropoda;Clio pyramidata;non-bioluminescent
Thaliacea;Thetys vagina;non-bioluminescent
Hydromedusae;Scrippsia;non-bioluminescent
Fishes;Chauliodus;bioluminescent
Siphonophora;Vogtia;bioluminescent
Scyphozoa;Deepstaria;undefined
Crustacea;Isopoda;non-bioluminescent
Crustacea;Scypholanceola;non-bioluminescent
Annelida;Syllidae;undefined
Thaliacea;Thetys;non-bioluminescent
Rhizaria;Tuscarora;bioluminescent
Scyphozoa;Phacellophora camtschatica;bioluminescent
Siphonophora;Erenna sp. A;bioluminescent
Ctenophora;Bathocyroe fosteri;bioluminescent
Cephalopoda;Bolitaenidae;undefined
Crustacea;Boreomysis;non-bioluminescent
Fishes;Lycodes;unlikely
Crustacea;Ostracoda;undefined
Hydromedusae;Phialidium;bioluminescent
Chaetognatha;Pseudosagitta lyra;non-bioluminescent
Scyphozoa;Atolla parva;bioluminescent
Crustacea;Gammaridea;non-bioluminescent
Ctenophora;Pleurobrachia;non-bioluminescent
Ctenophora;Cestidae;bioluminescent
Crustacea;Gigantocypris dracontovalis;non-bioluminescent
Appendicularia;Oikopleura villafrancae;bioluminescent
Fishes;Osteodiscus;undefined
Crustacea;Scinoidea;bioluminescent
Crustacea;Cystisoma pellucida;non-bioluminescent
Hydromedusae;Euphysora valdiviae;bioluminescent
Chaetognatha;Heterokrohnia involucrum;non-bioluminescent
Hydromedusae;Pandeidae;undefined
Crustacea;Hyperiidae;undefined
Annelida;Onuphidae;undefined
Hydromedusae;Calycopsis simulans;bioluminescent
Crustacea;Systellaspis;bioluminescent
Fishes;Tactostoma;bioluminescent
Fishes;Engraulidae;undefined
Siphonophora;Lensia baryi;bioluminescent
Crustacea;Pasiphaea pacifica;non-bioluminescent
Hydromedusae;Voragonema;bioluminescent
Scyphozoa;Periphyllidae;bioluminescent
Fishes;Saccopharynx lavenbergi;bioluminescent
Annelida;Flabelligeridae;bioluminescent
Ctenophora;Lampea pancerina;bioluminescent
Siphonophora;Maresearsia praeclara;bioluminescent
Hydromedusae;Rhopalonema funerarium;bioluminescent
Crustacea;Euphausia;bioluminescent
Chaetognatha;Sagitta;non-bioluminescent
Siphonophora;Agalmatidae;bioluminescent
Ctenophora;Beroida;bioluminescent
Hydromedusae;Bythotiara depressa;bioluminescent
Crustacea;Munnopsoides;non-bioluminescent
Pteropoda;Pterotracheoidea;undefined
Crustacea;Munnopsis abyssalis;non-bioluminescent
Crustacea;Euphausiidae;bioluminescent
Cephalopoda;Onychoteuthis borealijaponica;bioluminescent
Hydromedusae;Tima;bioluminescent
Cephalopoda;Bathyteuthis berryi;bioluminescent
Thaliacea;Doliopsidae;unlikely
Annelida;Ampharetidae;undefined
Annelida;Aphroditidae;undefined
Scyphozoa;Periphyllopsis galatheae;bioluminescent
Hydromedusae;Voragonema pedunculata;bioluminescent
Hydromedusae;Ptychogastria polaris;undefined
Hydromedusae;Tiaranna;bioluminescent
Annelida;Pontodora pelagica;non-bioluminescent
Fishes;Scombridae;undefined
Fishes;Careproctus longifilis;undefined
Fishes;Chaetodontidae;undefined
Fishes;Stomiiformes;bioluminescent
Cephalopoda;Cephalopoda;undefined
Hydromedusae;Earleria purpurea;bioluminescent
Chaetognatha;Sagittidae;unlikely
Fishes;Bathysaurus mollis;undefined
Fishes;Carangidae;undefined
Fishes;Cyematidae;undefined
Thaliacea;Dolioletta;non-bioluminescent
Thaliacea;Doliolida 2;non-bioluminescent
Fishes;Ophidiidae;undefined
Hydromedusae;Pegantha clara;bioluminescent
Fishes;Stomias;bioluminescent
Cephalopoda;Octopoda;unlikely
Fishes;Melanostigma;unlikely
Fishes;Chaenophryne;bioluminescent
Fishes;Sardinops;non-bioluminescent
Hydromedusae;Tiarannidae;bioluminescent
Hydromedusae;Aegina rosea;bioluminescent
Rhizaria;Tuscarantha;bioluminescent
Siphonophora;Nectopyramis natans;bioluminescent
Fishes;Idiacanthinae;bioluminescent
Rhizaria;Planktonetta;undefined
Pteropoda;Cephalopyge trematoides;undefined
Hydromedusae;Polyorchis;non-bioluminescent
Rhizaria;Medusetta;bioluminescent
Scyphozoa;Deepstaria reticulum;undefined
Fishes;Paraliparis dactylosus;undefined
Thaliacea;Pseudusa;bioluminescent
Rhizaria;Medusettidae;bioluminescent
Siphonophora;Forskalia formosa;bioluminescent
Hydromedusae;Aequorea;bioluminescent
Pteropoda;Gymnosomata;undefined
Fishes;Synodontidae;undefined
Fishes;Peprilus;undefined
Crustacea;Euphausia pacifica;bioluminescent
Ctenophora;Intacta;bioluminescent
Hydromedusae;Solmissus marshalli;bioluminescent
Scyphozoa;Chrysaora;non-bioluminescent
Cephalopoda;Octopus;non-bioluminescent
Fishes;Prionace glauca;non-bioluminescent
Fishes;Mola mola;non-bioluminescent
Ctenophora;Charistephane fugiens;bioluminescent
Fishes;Icichthys lockingtoni;undefined
Hydromedusae;Mitrocomidae;bioluminescent
Scyphozoa;Stellamedusa ventana;unlikely
Hydromedusae;Tiaropsidium;bioluminescent
Fishes;Nemichthys;undefined
Hydromedusae;Sarsia;undefined
Scyphozoa;Cnidaria;undefined
Scyphozoa;Scyphozoa;undefined
Pteropoda;Pterotracheidae;non-bioluminescent
Hydromedusae;Tetraplatia volitans;bioluminescent
Fishes;Chaenophryne longiceps;bioluminescent
Hydromedusae;Scrippsia pacifica;non-bioluminescent
Cephalopoda;Enteroctopus dofleini;non-bioluminescent
Hydromedusae;Euphysa japonica;bioluminescent
Fishes;Oneirodes acanthias;bioluminescent
Fishes;Sardinops sagax;non-bioluminescent
Hydromedusae;Vampyrocrossota;bioluminescent
Thaliacea;Paradoliopsidae;bioluminescent
Siphonophora;Nectopyramidinae;bioluminescent
Rhizaria;Collozoum;bioluminescent
Thaliacea;Pegea confoederata;non-bioluminescent
Appendicularia;Bathochordaeus charon;unlikely
Pteropoda;Clio cuspidata;non-bioluminescent
Hydromedusae;Tetraplatia;bioluminescent
Siphonophora;Nanomia 2;bioluminescent
Pteropoda;Creseis virgula;non-bioluminescent
Cephalopoda;Onykia robusta ;undefined
Scyphozoa;Stellamedusa;unlikely
Fishes;Lophiiformes;bioluminescent
Holothuroidea;Abyssocucumis abyssorum;undefined
Hexacorallia;Actiniaria;undefined
Fishes;Amblyraja badia;undefined
Crustacea;Amphipoda;undefined
Hexacorallia;Anthosactis pearseae;undefined
Hexacorallia;Antipatharia;undefined
Asterozoa;Asteroidea;unlikely
Hexacorallia;Bathypathes;undefined
Cephalopoda;Benthoctopus sp. 1;non-bioluminescent
Mollusca;Bivalvia;undefined
Hexacorallia;Cerianthidae;non-bioluminescent
Annelida;Chaetopteridae;likely
Fishes;Coryphaenoides armatus-yaquinae complex;undefined
Mollusca;Gastropoda;unlikely
Crustacea;Ischnomesidae;undefined
Fishes;Macrouridae;unlikely
Annelida;Maldanidae;undefined
Crustacea;Munidopsis;non-bioluminescent
Asterozoa;Ophiuroidea;likely
Annelida;Osedax;non-bioluminescent
Annelida;Osedax frankpressi;non-bioluminescent
Holothuroidea;Paelopatides confundens;undefined
Annelida;Polynoidae;undefined
Mollusca;Provannidae;undefined
Asterozoa;Pteraster;undefined
Arthropoda;Pycnogonida;unlikely
Crustacea;Scalpellidae;undefined
Hexacorallia;Stomphia;undefined
Crinoidea;Tonrometra;undefined
Echinoidea;Tromikosoma;undefined
Octocorallia;Bathyalcyon robustum;bioluminescent
Fishes;Bathyraja abyssicola;undefined
Asterozoa;Brisingida;undefined
Mollusca;Calyptogena extenta ;non-bioluminescent
Hexacorallia;Corallimorpharia;non-bioluminescent
Hexacorallia;Corallimorphus pilatus;non-bioluminescent
Echinoidea;Cystocrepis setigera;non-bioluminescent
Echinoidea;Echinoidea;non-bioluminescent
Hexacorallia;Hormathiidae;undefined
Crustacea;Lithodes;non-bioluminescent
Ctenophora;Thalassocalicida;bioluminescent
Crustacea;Macroregonia;undefined
Fishes;Pachycara;unlikely
Fishes;Pachycara bulbiceps;unlikely
Holothuroidea;Pannychia moseleyi;bioluminescent
Crustacea;Paralomis;non-bioluminescent
Mollusca;Patellogastropoda;non-bioluminescent
Octocorallia;Pennatula phosphorea;bioluminescent
Octocorallia;Pennatulacea;likely
Porifera;Porifera;non-bioluminescent
Asterozoa;Pterasteridae;undefined
Asterozoa;Solasteridae;undefined
Mollusca;Solemyidae;non-bioluminescent
Hexacorallia;Umbellapathes;undefined
Mollusca;Vesicomyidae;non-bioluminescent
Asterozoa;Zoroaster;undefined
Asterozoa;Zoroasteridae;undefined
Fishes;Coryphaenoides acrolepis;undefined
Mollusca;Dendronotus patricki;undefined
Hexacorallia;Liponema brevicorne;undefined
Asterozoa;Lophaster;undefined
Hexacorallia;Metridium farcimen;non-bioluminescent
Crustacea;Pandalopsis;undefined
Holothuroidea;Peniagone sp. A;undefined
Platyhelminthes;Platyhelminthes;non-bioluminescent
Mollusca;Scaphopoda;non-bioluminescent
Octocorallia;Acanthogorgia;bioluminescent
Mollusca;Acesta;undefined
Mollusca;Acesta mori;undefined
Fishes;Antimora;unlikely
Porifera;Asbestopluma;non-bioluminescent
Porifera;Asbestopluma monticola;non-bioluminescent
Porifera;Atlantisella;non-bioluminescent
Octocorallia;Calyptrophora;undefined
Crustacea;Caprellidae;non-bioluminescent
Hexacorallia;Caryophylliidae;undefined
Asterozoa;Ceramaster;undefined
Porifera;Chonelasma;non-bioluminescent
Octocorallia;Clavularia;undefined
Octocorallia;Corallium;undefined
Hexacorallia;Desmophyllum dianthus;undefined
Fishes;Elasmobranchii;undefined
Porifera;Farrea;non-bioluminescent
Crustacea;Galathea;non-bioluminescent
Crustacea;Galatheoidea;non-bioluminescent
Asterozoa;Gorgonocephalidae;undefined
Asterozoa;Gorgonocephalus;undefined
Asterozoa;Henricia;undefined
Porifera;Heterochone calyx;non-bioluminescent
Octocorallia;Heteropolypus ritteri;bioluminescent
Porifera;Hexactinellida;undefined
Asterozoa;Hippasteria;undefined
Fishes;Lepidion;undefined
Hydroidolina;Leptothecata;undefined
Hexacorallia;Lillipathes;undefined
Fishes;Luciobrotula;undefined
Octocorallia;Octocorallia;undefined
Octocorallia;Paragorgia;undefined
Octocorallia;Paragorgia arborea;undefined
Octocorallia;Primnoidae;undefined
Fishes;Psychrolutes phrictus;undefined
Porifera;Sclerothamnopsis compressa;non-bioluminescent
Porifera;Sclerothamnopsis;non-bioluminescent
Porifera;Staurocalyptus;undefined
Octocorallia;Swiftia kofoidi;undefined
Porifera;Thenea;non-bioluminescent
Porifera;Thenea muricata;non-bioluminescent
Porifera;yellow ruffled sponge;non-bioluminescent
Hexacorallia;Actinostolidae;undefined
Fishes;Bothrocara;unlikely
Octocorallia;Clavularia grandiflora;undefined
Fishes;Embassichthys bathybius;undefined
Crustacea;Gastroptychus perarmatus;undefined
Asterozoa;Goniasteridae;undefined
Mollusca;Neoloricata;undefined
Crustacea;Paralomis verrilli;non-bioluminescent
Hexacorallia;Scleractinia;non-bioluminescent
Fishes;Anisotremus davidsonii;undefined
Echinoidea;Aporocidaris milleri;non-bioluminescent
Fishes;Bathyraja microtrachys;undefined
Crinoidea;Crinoidea;undefined
Annelida;Echiura;non-bioluminescent
Porifera;Hexactinellida sp. 2;non-bioluminescent
Holothuroidea;Holothuroidea;undefined
Octocorallia;Kophobelemnon;undefined
Mollusca;Neptunea-Buccinum Complex;non-bioluminescent
Octocorallia;Pennatula;bioluminescent
Mollusca;Retimohnia sp. 1;undefined
Holothuroidea;Scotoplanes globosa;undefined
Annelida;Sipuncula;undefined
Holothuroidea;Synallactidae gen. et sp. indet.;undefined
Ctenophora;Tjalfiella;unlikely
Octocorallia;Virgularia;bioluminescent
Asterozoa;Hymenaster;bioluminescent
Fishes;Liparidae sp. 2;undefined
Octocorallia;Protoptilum;undefined
Hexacorallia;Sicyonis careyi;undefined
Rhizaria;Xenophyophoroidea;undefined
Hexacorallia;Anthozoa;unlikely
Holothuroidea;Benthothuria;undefined
Hexacorallia;Bolocera;undefined
Hexacorallia;Ceriantharia;non-bioluminescent
Octocorallia;Kophobelemnon sp. 1;undefined
Octocorallia;Pennatula murrayi;bioluminescent
Crustacea;Storthyngura pulchra;non-bioluminescent
Holothuroidea;Synallactidae;undefined
Fishes;Anoplopoma fimbria;undefined
Asterozoa;Asteroidea sp. 2;undefined
Echinoidea;Brisaster;non-bioluminescent
Crustacea;Chorilia longipes;undefined
Fishes;Eptatretus;non-bioluminescent
Crustacea;Eualus macrophthalmus;undefined
Fishes;Glyptocephalus zachirus;undefined
Brachiopoda;Laqueus californianus;non-bioluminescent
Fishes;Lycenchelys crotalinus;unlikely
Asterozoa;Mediaster;undefined
Asterozoa;Ophiacanthidae;undefined
Crinoidea;Psathyrometra fragilis;undefined
Holothuroidea;Psolus squamatus;undefined
Fishes;Sebastolobus;non-bioluminescent
Echinoidea;Strongylocentrotus fragilis;non-bioluminescent
Echinoidea;Strongylocentrotus;non-bioluminescent
Octocorallia;Swiftia simplex;undefined
Fishes;Bathyraja kincaidii;undefined
Crustacea;Paguroidea;undefined
Echinoidea;Cidaridae;non-bioluminescent
Crustacea;Cirripedia;non-bioluminescent
Annelida;Phyllochaetopterus gigas;undefined
Asterozoa;Asteronychidae;undefined
Asterozoa;Asteronyx;undefined
Crustacea;Chorilia;undefined
Crustacea;Chionoecetes;undefined
Fishes;Coryphaenoides pectoralis;non-bioluminescent
Asterozoa;Leptychaster;undefined
Fishes;Scyliorhinidae;undefined
Mollusca;Acharax;non-bioluminescent
Ascidiacea;Megalodicopia hians;non-bioluminescent
Mollusca;Vesicomya;non-bioluminescent
Mollusca;Idas washingtonius;undefined
Mollusca;Neptunea;non-bioluminescent
Crinoidea;Antedonoidea;undefined
Porifera;Asbestopluma sp. A;non-bioluminescent
Mollusca;Calliostoma;undefined
Ascidiacea;Cnemidocarpa;non-bioluminescent
Hexacorallia;Corallimorphus;non-bioluminescent
Annelida;Hirudinea;non-bioluminescent
Asterozoa;Rathbunaster californicus;non-bioluminescent
Annelida;Sabellidae;non-bioluminescent
Octocorallia;Swiftia;undefined
Octocorallia;Halipteris;undefined
Mollusca;Nudibranchia;undefined
Octocorallia;Alcyonacea;undefined
Fishes;Bathyraja;undefined
Crustacea;Callianassidae;non-bioluminescent
Hydroidolina;Hydractiniidae;bioluminescent
Echinoidea;Pourtalesiidae;non-bioluminescent
Echinoidea;Tromikosoma panamense;undefined
Holothuroidea;Apostichopus;undefined
Fishes;Apristurus kampae;undefined
Mollusca;Columbellidae;non-bioluminescent
Hexacorallia;Liponema;undefined
Fishes;Parmaturus xaniurus;undefined
Crustacea;Pandalopsis ampla;undefined
Hexacorallia;Actiniidae sp. 1;undefined
Fishes;Apristurus brunneus;undefined
Asterozoa;Asteronyx longifissus;undefined
Mollusca;Calliostoma platinum;undefined
Hexacorallia;Ceriantharia sp. 2;non-bioluminescent
Hexacorallia;Ceriantharia sp. 1;non-bioluminescent
Octocorallia;Funiculina;bioluminescent
Fishes;Lycenchelys sp. 1;unlikely
Asterozoa;Myxoderma;undefined
Fishes;Osmeridae;undefined
Fishes;Sebastolobus alascanus;non-bioluminescent
Fishes;Careproctus melanurus;undefined
Crustacea;Chionoecetes tanneri;undefined
Asterozoa;Crossaster borealis;undefined
Hexacorallia;Hormathiidae sp. 1;bioluminescent
Hexacorallia;Isosicyonis;undefined
Crustacea;Pagurus tanneri;non-bioluminescent
Mollusca;Tritonia tetraquetra;undefined
Octocorallia;Umbellula lindahli;bioluminescent
Hemichordata;Allapasus;undefined
Crinoidea;Bathymetrinae;undefined
Hexacorallia;Bathyphellia;undefined
Holothuroidea;Benthodytes aff. typica;bioluminescent
Holothuroidea;Benthodytes;bioluminescent
Hexacorallia;Bolocera kensmithi;undefined
Mollusca;Buccinidae;non-bioluminescent
Porifera;Chondrocladia sp. 4;non-bioluminescent
Porifera;Cladorhizidae;non-bioluminescent
Holothuroidea;Elpidia sp. A;undefined
Porifera;Euplectellidae;non-bioluminescent
Hydroidolina;Hydractinia;bioluminescent
Holothuroidea;Peniagone vitrea;bioluminescent
Holothuroidea;Peniagone;likely
Octocorallia;Protoptilum sp. 1;undefined
Ascidiacea;Pyuridae;non-bioluminescent
Mollusca;Bathybembix;undefined
Holothuroidea;Apostichopus leukothele;undefined
Fishes;Hippoglossina stomata;undefined
Fishes;Icelinus filamentosus;undefined
Fishes;Lumpenus sagitta;undefined
Fishes;Lyopsetta exilis;undefined
Crustacea;Pandalus platyceros;non-bioluminescent
Fishes;Parophrys vetulus;undefined
Mollusca;Pleurobranchaea californica;undefined
Octocorallia;Ptilosarcus gurneyi;bioluminescent
Fishes;Sebastes diploproa;non-bioluminescent
Fishes;Sebastes jordani;non-bioluminescent
Fishes;Sebastes elongatus;non-bioluminescent
Octocorallia;Anthoptilum grandiflorum;undefined
Fishes;Lepidopsetta bilineata;undefined
Fishes;Sebastes;non-bioluminescent
Fishes;Sebastes aurora;non-bioluminescent
Cephalopoda;Opisthoteuthis cf. californiana;undefined
Crustacea;Paralomis multispina;undefined
Fishes;Hydrolagus;undefined
Fishes;Lycodes cortezianus;unlikely
Fishes;Lycodes diapterus;unlikely
Fishes;Sebastes goodei;non-bioluminescent
Fishes;Sebastes levis;non-bioluminescent
Fishes;Sebastes melanostomus;non-bioluminescent
Asterozoa;Stylasterias forreri;undefined
Octocorallia;Virgulariidae;undefined
Crustacea;Lysianassidae;undefined
Hexacorallia;Actinoscyphia;undefined
Holothuroidea;Holothuroidea sp. 5;undefined
Holothuroidea;Holothuroidea sp. 4;undefined
Hydroidolina;Hydroidolina;undefined
Crustacea;Munidopsis sp. A;non-bioluminescent
Porifera;Chondrocladia sp. A;non-bioluminescent
Hexacorallia;Corallimorphus denhartogi;non-bioluminescent
Holothuroidea;Peniagone gracilis;undefined
Hexacorallia;Sicyonis;undefined
Hexacorallia;Actinostola;undefined
Echinoidea;Atelostomata;non-bioluminescent
Fishes;Entosphenus tridentatus;non-bioluminescent
Crustacea;Munidopsis bracteosa;non-bioluminescent
Crustacea;Munidopsis panamae;non-bioluminescent
Crustacea;Munidopsis lignaria;non-bioluminescent
Holothuroidea;Peniagone sp. 2;undefined
Octocorallia;Anthoptilum;undefined
Hexacorallia;Ceriantharia sp. 3;non-bioluminescent
Octocorallia;Halipteris californica;bioluminescent
Asterozoa;Mediaster aequalis;undefined
Fishes;Sebastes simulator;non-bioluminescent
Fishes;Sebastomus complex;non-bioluminescent
Fishes;Xeneretmus;undefined
Fishes;Beringraja binoculata;undefined
Crinoidea;Florometra serratissima;undefined
Mollusca;Gastropoda sp. 2;undefined
Octocorallia;Isidella;bioluminescent
Fishes;Lycodes pacificus;unlikely
Asterozoa;Myxoderma platyacanthum;undefined
Fishes;Pleuronectidae;undefined
Fishes;Raja rhina;undefined
Fishes;Xeneretmus latifrons;undefined
Hexacorallia;Actinauge;undefined
Fishes;Cataetyx;undefined
Crinoidea;Comatulida;undefined
Fishes;Coryphaenoides armatus-leptolepis-yaquinae complex;undefined
Hemichordata;Hemichordata;undefined
Porifera;Hyalonema;non-bioluminescent
Crustacea;Penaeoidea;undefined
Holothuroidea;Pseudostichopus mollis;bioluminescent
Holothuroidea;Scotoplanes;undefined
Siphonophora;Dromalia alexandri;unlikely
Ctenophora;Pleurobrachiidae;unlikely
Octocorallia;Funiculina-Halipteris complex;bioluminescent
Fishes;Rhinoliparis barbulifer;undefined
Mollusca;Delectopecten;undefined
Crustacea;Neolithodes diomedae;undefined
Holothuroidea;Scotoplanes sp. A;bioluminescent
Hexacorallia;Zoanthidea;bioluminescent
Fishes;Macrourinae sp. 1;undefined
Asterozoa;Thrissacanthias penicillatus;undefined
Fishes;Bathyraja trachura;undefined
Fishes;Careproctus kamikawai;undefined
Octocorallia;Gersemia juliepackardae;undefined
Octocorallia;Isidella tentaculum;bioluminescent
Octocorallia;Isididae;likely
Octocorallia;Keratoisis;bioluminescent
Holothuroidea;Laetmogone;bioluminescent
Octocorallia;Lepidisis;likely
Crustacea;Lithodes couesi;non-bioluminescent
Octocorallia;Paragorgiidae;undefined
Octocorallia;Parastenella;undefined
Octocorallia;Sibogagorgia cauliflora;undefined
Asterozoa;Solaster hypothrissus;undefined
Asterozoa;Solaster;undefined
Porifera;Acanthascinae;undefined
Porifera;Acanthascinae sp. 2;undefined
Porifera;Acanthascinae sp. 1;undefined
Hexacorallia;Exocoelactinidae;undefined
Porifera;Hexactinellida sp. 5;undefined
Asterozoa;Hippasteria californica;undefined
Mollusca;Phreagena kilmeri;undefined
Asterozoa;Asteronyx loveni;undefined
Hexacorallia;Actinernidae;undefined
Porifera;Cladorhiza sp. A-B complex;non-bioluminescent
Arthropoda;Colossendeidae;undefined
Hexacorallia;Iosactis vagabunda;undefined
Octocorallia;Kophobelemnon biflorum;undefined
Holothuroidea;Peniagone papillata;undefined
Hemichordata;Tergivelum baldwinae;undefined
Asterozoa;Asthenactis fisheri;undefined
Porifera;Porifera sp. 3;undefined
Porifera;Acanthascinae sp. 3;undefined
Asterozoa;Asthenactis;undefined
Asterozoa;Benthopecten;bioluminescent
Asterozoa;Dipsacaster;undefined
Porifera;Hexactinellida sp. 4;non-bioluminescent
Fishes;Liparidae sp. 1;undefined
Crustacea;Paguridae;non-bioluminescent
Fishes;Porichthys;bioluminescent
Holothuroidea;Psolus;undefined
Hexacorallia;Trissopathes;undefined
Mollusca;Aeolidiidae;undefined
Hemichordata;Allapasus sp. 3;undefined
Asterozoa;Benthopectinidae;undefined
Brachiopoda;Brachiopoda;non-bioluminescent
Fishes;Conocara salmonea;undefined
Ascidiacea;Culeolus;non-bioluminescent
Porifera;Farrea truncata complex;non-bioluminescent
Porifera;Hexactinellida sp. 1;non-bioluminescent
Asterozoa;Hippasteria lepidonotus;undefined
Crustacea;Lithodoidea;non-bioluminescent
Asterozoa;Ophiurida;undefined
Crustacea;Phyllocarida;undefined
Hemichordata;Saxipendium implicatum;undefined
Octocorallia;Umbellula;bioluminescent
Fishes;Careproctus filamentosus;undefined
Mollusca;Dendronotidae;undefined
Octocorallia;Heteropolypus;bioluminescent
Porifera;Hexactinellida sp. 6;non-bioluminescent
Holothuroidea;Laetmogonidae;undefined
Crustacea;Paralithodes;non-bioluminescent
Crustacea;Paralithodes rathbuni;non-bioluminescent
Octocorallia;Parastenella gymnogaster;undefined
Arthropoda;Colossendeis;bioluminescent
Hexacorallia;Exocoelactis;undefined
Asterozoa;Heterozonias alternatus;undefined
Hexacorallia;Paracyathus stearnsii;non-bioluminescent
Octocorallia;Acanella;undefined
Mollusca;Pectinidae;non-bioluminescent
Asterozoa;Poraniopsis;undefined
Fishes;Rajiformes;undefined
Annelida;Terebellidae;undefined
Holothuroidea;Apostichopus californicus;undefined
Crustacea;Platymera gaudichaudii;undefined
Fishes;Sebastes saxicola;non-bioluminescent
Fishes;Tetronarce californica;undefined
Annelida;Levinsenia oculata;undefined
Fishes;Alepocephalus tenebrosus;undefined
Annelida;Levinsenia sp. A;undefined
Fishes;Sebastolobus altivelis;non-bioluminescent
Porifera;Cladorhiza;non-bioluminescent
Ascidiacea;Cnemidocarpa finmarkiensis;non-bioluminescent
Fishes;Eopsetta jordani;undefined
Fishes;Pleuronichthys coenosus;undefined
Fishes;Sebastes rubrivinctus;non-bioluminescent
Fishes;Sebastes rufus;non-bioluminescent
Mollusca;Tritonia;non-bioluminescent
Mollusca;Tritoniidae;non-bioluminescent
Mollusca;Doridacea;undefined
Fishes;Sebastes babcocki;non-bioluminescent
Hexacorallia;Stomphia didemon;undefined
Asterozoa;Asteroidea sp. 1;undefined
Asterozoa;Luidia foliolata;undefined
Cephalopoda;Octopus californicus;non-bioluminescent
Fishes;Chilara taylori;undefined
Fishes;Ophiodon elongatus;undefined
Fishes;Squalus suckleyi;undefined
Fishes;Zaniolepis;undefined
Asterozoa;Ampheraster;undefined
Octocorallia;Holaxonia;undefined
Porifera;Porifera sp. 5;undefined
Porifera;Staurocalyptus solidus;undefined
Asterozoa;Brisinga;likely
Porifera;Mycale sp. 1;undefined
Porifera;Porifera sp. 2;undefined
Mollusca;Solemya;non-bioluminescent
Octocorallia;Anthomastus;bioluminescent
Asterozoa;Brisingidae;undefined
Fishes;Bythitidae;undefined
Crinoidea;Evoplosoma;undefined
Crinoidea;Florometra;undefined
Crinoidea;Hyocrinus;undefined
Nemertea;Nemertea;unlikely
Crinoidea;Pentametrocrinus;undefined
Mollusca;Aplysia californica;undefined
Asterozoa;Gorgonocephalus eucnemis;undefined
Fishes;Icelinus;undefined
Asterozoa;Pycnopodia helianthoides;non-bioluminescent
Fishes;Sebastes chlorostictus;non-bioluminescent
Mollusca;Neptunea amianta;non-bioluminescent
Crustacea;Paropsurus;non-bioluminescent
Holothuroidea;Psychropotes longicauda;likely
Fishes;Eptatretinae ;non-bioluminescent
Asterozoa;Ampheraster marianus;undefined
Porifera;Hexactinella;non-bioluminescent
Asterozoa;Poraniopsis inflata;undefined
Hexacorallia;Enthemonae;undefined
Mollusca;Nuculana;non-bioluminescent
Cephalopoda;Opisthoteuthis sp. A;undefined
Mollusca;Archivesica gigas;undefined
Mollusca;Calyptogena pacifica;non-bioluminescent
Mollusca;Calyptogena;non-bioluminescent
Annelida;Cirratulidae;undefined
Asterozoa;Pseudarchaster dissonus;undefined
Hemichordata;Allapasus aurianticus;undefined
Fishes;Bathysaurus;undefined
Hydroidolina;Candelabridae;undefined
Mollusca;Dendronotus;undefined
Annelida;Paraonidae;undefined
Annelida;Phyllodocida;undefined
Annelida;Sabellariidae;undefined
Annelida;Vrijenhoekia balaenophila;undefined
Annelida;Dorvilleidae;non-bioluminescent
Annelida;Osedax rubiplumus;non-bioluminescent
Annelida;Vigtorniella;undefined
Crustacea;Diogenidae;undefined
Mollusca;Provanna;undefined
Hexacorallia;Actinernus;undefined
Porifera;Chondrocladia sp. 1;non-bioluminescent
Cephalopoda;Gonatopsis;undefined
Ctenophora;Platyctenida;unlikely
Octocorallia;Narella;undefined
Mollusca;Tritonia sp. A;undefined
Octocorallia;Distichoptilum gracile;likely
Crustacea;Paralithodes californiensis;non-bioluminescent
Fishes;Careproctus ovigerus;undefined
Fishes;Hydrolagus trolli;undefined
Asterozoa;Mediaster tenellus;undefined
Holothuroidea;Cucumariidae;undefined
Asterozoa;Peribolaster biserialis;undefined
Bryozoa;Bryozoa;non-bioluminescent
Crustacea;Majidae;undefined
Fishes;Facciolella;undefined
Echinoidea;Cystechinus loveni;non-bioluminescent
Octocorallia;Umbellula sp. 1;likely
Octocorallia;Kophobelemnidae;undefined
Echinoidea;Tromikosoma sp. 1;undefined
Ascidiacea;Octacnemidae;non-bioluminescent
Crustacea;Paropsurus giganteus;non-bioluminescent
Porifera;Rossellidae;non-bioluminescent
Fishes;Alepocephalus;undefined
Fishes;Eucryphycus californicus;unlikely
Fishes;Engraulis mordax;non-bioluminescent
Annelida;Glyceridae;non-bioluminescent
Annelida;Spionida;undefined
Crustacea;Brachyura;undefined
Echinoidea;Echinidea;non-bioluminescent
Appendicularia;Mesochordaeus erythrocephalus;undefined
Asterozoa;Ophiuridae;undefined
Asterozoa;Anteliaster;undefined
Echinoidea;Araeosoma leptaleum;non-bioluminescent
Asterozoa;Astropectinidae;undefined
Porifera;Farrea occa;non-bioluminescent
Asterozoa;Hymenaster koehleri;bioluminescent
Crustacea;Lepadidae;undefined
Asterozoa;Lophaster furcilliger;undefined
Asterozoa;Myxoderma sacculatum;undefined
Crinoidea;Pentametrocrinus paucispinulus;undefined
Asterozoa;Peribolaster;undefined
Hemichordata;TorquaratoridaeB sp. 1;undefined
Crustacea;Lepadomorpha;undefined
Hexacorallia;Trissopathes pseudotristicha;undefined
Hydroidolina;Tubularidae;undefined
Hexacorallia;Urticina;non-bioluminescent
Fishes;Paraliparis megalopus;undefined
Hydroidolina;Anthoathecata;undefined
Fishes;Gadiformes;unlikely
Asterozoa;Hippasteria phrygiana;undefined
Echinoidea;Echinocrepis rostrata;non-bioluminescent
Annelida;Acanthohamingia;non-bioluminescent
Asterozoa;Ophiomusium;bioluminescent
Octocorallia;Alcyoniidae;undefined
Ascidiacea;Ascidiacea;non-bioluminescent
Holothuroidea;Psychropotes depressa;bioluminescent
Echinoidea;Spatangoida;non-bioluminescent
Annelida;Terebella;undefined
Crinoidea;Bathycrinidae;undefined
Crustacea;Lepas;non-bioluminescent
Crustacea;Metacarcinus magister;non-bioluminescent
Ctenophora;Bolinopsidae;bioluminescent
Cephalopoda;Opisthoteuthis;undefined
Fishes;Careproctus microstomus;undefined
Fishes;Paraliparis cephalus;undefined
Asterozoa;Echinasteridae;undefined
Fishes;Lycodapus mandibularis;unlikely
Crustacea;Mysidella americana;undefined
Octocorallia;Plexauridae;undefined
Annelida;Amphitrite;undefined
Asterozoa;Ctenodiscus;undefined
Annelida;Nereididae;undefined
Annelida;Spionidae;undefined
Porifera;Caulophacus;non-bioluminescent
Fishes;Gadidae;undefined
Asterozoa;Hymenodiscus;undefined
Octocorallia;Stylatula;bioluminescent
Holothuroidea;Benthodytes sanguinolenta;likely
Hemichordata;Enteropneusta;undefined
Annelida;Lamellibrachia;non-bioluminescent
Crustacea;Munidopsis tiburon;non-bioluminescent
Crustacea;Valettiopsis concava;undefined
Cephalopoda;Octopodidae;undefined
Fishes;Bassozetus nasus;undefined
Octocorallia;Pennatulidae;likely
Cephalopoda;Benthoctopus robustus;non-bioluminescent
Fishes;Aldrovandia;undefined
Mollusca;Rubyspira osteovora;non-bioluminescent
Annelida;Siboglinidae;undefined
Scyphozoa;Stygiomedusa gigantea;undefined
Octocorallia;Pennatulacea sp. 3;undefined
Hexacorallia;Dofleinia;undefined
Crustacea;Munidopsis albatrossae;non-bioluminescent
Hexacorallia;Corallimorphidae;non-bioluminescent
Octocorallia;Halipteridae;undefined
Asterozoa;Asteriidae;undefined
Fishes;Gobiidae;undefined
Hexacorallia;Metridium;non-bioluminescent
Fishes;Rhinogobiops nicholsii;undefined
Fishes;Myxinidae;non-bioluminescent
Annelida;Euchone;undefined
Hexacorallia;Metridiidae;undefined
Holothuroidea;Laetmogone wyvillethomsoni;likely
Hydroidolina;Candelabridae sp. 1;undefined
Mollusca;Rubyspira;non-bioluminescent
Crustacea;Paguristes;non-bioluminescent
Fishes;Anarrhichthys ocellatus;undefined
Fishes;Cyclopteridae;undefined
Octocorallia;Ptilosarcus;bioluminescent
Mollusca;Mitrella;non-bioluminescent
Mollusca;Yoldia;non-bioluminescent
Fishes;Microstomus;undefined
Fishes;Careproctus gilberti;undefined
Crustacea;Pandalus;non-bioluminescent
Crustacea;Gnathophausia ingens;bioluminescent
Fishes;Citharichthys sordidus;undefined
Fishes;Argentinidae;undefined
Fishes;Agonidae;undefined
Fishes;Cottidae;undefined
Fishes;Raja;undefined
Fishes;Raja stellulata;undefined
Fishes;Zaniolepis latipinnis;undefined
Holothuroidea;Elasipodida;undefined
Mollusca;Polyplacophora;non-bioluminescent
Fishes;Somniosus pacificus;undefined
Mollusca;Opisthobranchia;undefined
Fishes;Squalidae;undefined
Asterozoa;Ophiacantha;bioluminescent
Fishes;Sebastes aleutianus-melanostictus complex;non-bioluminescent
Porifera;Lyssacinosida;non-bioluminescent
Octocorallia;Acanthoptilum;bioluminescent
Fishes;Sebastes paucispinis;non-bioluminescent
Crustacea;Loxorhynchus crispatus;non-bioluminescent
Cephalopoda;Rossia pacifica;non-bioluminescent
Annelida;Myxicola;undefined
Fishes;Hexagrammidae;undefined
Octocorallia;Psammogorgia;undefined
Mollusca;gastropoda;undefined
Hydroidolina;Stylasteridae;non-bioluminescent
Fishes;Porichthys notatus;bioluminescent
Asterozoa;Pedicellaster;undefined
Mollusca;Vermetidae;undefined
Fishes;Merluccius;non-bioluminescent
Holothuroidea;Psolidae;undefined
Octocorallia;Umbellulidae;bioluminescent
Nemertea;Nectonemertes;unlikely
Siphonophora;Apolemia uvaria;bioluminescent
